interaction_id,user_id,business_id,interaction_type,distance_km,session_duration_s,device_type,timestamp
INT00001,USR0198,BIZ0058,view,0.205,13,android,2026-01-30 14:11:48
INT00002,USR0160,BIZ0075,view,0.681,22,ios,2026-02-22 14:42:53
INT00003,USR0181,BIZ0099,search_click,4.786,29,ios,2026-03-18 20:53:20
INT00004,USR0013,BIZ0017,search_click,4.654,16,ios,2026-02-03 01:27:00
INT00005,USR0110,BIZ0050,profile_view,4.016,144,ios,2026-02-26 08:06:51
INT00006,USR0051,BIZ0097,profile_view,3.842,149,android,2026-02-06 13:56:28
INT00007,USR0179,BIZ0061,search_click,0.061,55,ios,2026-03-12 13:37:17
INT00008,USR0058,BIZ0021,inquiry_sent,2.829,153,ios,2026-02-14 17:17:05
INT00009,USR0171,BIZ0045,inquiry_sent,5.379,184,android,2026-02-04 02:25:52
INT00010,USR0029,BIZ0046,search_click,2.224,59,ios,2026-03-24 14:49:59
INT00011,USR0033,BIZ0067,search_click,0.73,16,ios,2026-03-20 06:31:33
INT00012,USR0019,BIZ0099,search_click,0.469,36,android,2026-03-26 02:19:55
INT00013,USR0141,BIZ0023,search_click,4.556,23,ios,2026-04-09 19:21:37
INT00014,USR0112,BIZ0076,view,4.058,10,android,2026-04-05 18:16:30
INT00015,USR0183,BIZ0077,search_click,5.3,39,ios,2026-03-20 04:13:54
INT00016,USR0114,BIZ0025,saved_business,2.696,28,ios,2026-02-27 16:26:39
INT00017,USR0166,BIZ0090,view,3.115,23,android,2026-04-07 08:31:48
INT00018,USR0170,BIZ0021,search_click,0.48,46,ios,2026-02-15 19:52:56
INT00019,USR0175,BIZ0103,view,4.177,26,ios,2026-04-21 21:12:21
INT00020,USR0112,BIZ0097,review_posted,3.989,209,android,2026-03-25 06:03:44
INT00021,USR0131,BIZ0052,view,0.576,16,android,2026-01-29 07:03:50
INT00022,USR0144,BIZ0099,search_click,4.55,11,android,2026-03-09 01:44:52
INT00023,USR0152,BIZ0050,view,4.741,17,ios,2026-03-19 06:41:56
INT00024,USR0170,BIZ0025,view,3.101,16,ios,2026-02-12 02:27:34
INT00025,USR0172,BIZ0017,view,4.692,9,ios,2026-03-29 10:21:50
INT00026,USR0035,BIZ0010,profile_view,2.488,146,ios,2026-03-26 07:27:32
INT00027,USR0117,BIZ0068,search_click,0.421,32,android,2026-02-14 22:33:03
INT00028,USR0155,BIZ0002,search_click,5.253,55,ios,2026-03-07 04:39:07
INT00029,USR0140,BIZ0077,view,4.517,20,ios,2026-02-08 09:40:38
INT00030,USR0124,BIZ0113,view,0.358,21,ios,2026-03-12 01:30:17
INT00031,USR0021,BIZ0070,profile_view,3.761,49,ios,2026-03-25 09:24:24
INT00032,USR0088,BIZ0072,view,3.233,20,ios,2026-03-08 02:38:13
INT00033,USR0076,BIZ0038,view,5.165,28,ios,2026-04-04 15:30:04
INT00034,USR0145,BIZ0035,profile_view,0.371,176,android,2026-03-29 06:53:35
INT00035,USR0075,BIZ0099,profile_view,4.878,51,android,2026-03-15 17:19:47
INT00036,USR0072,BIZ0035,profile_view,0.256,95,android,2026-04-05 22:43:45
INT00037,USR0155,BIZ0025,search_click,3.094,38,ios,2026-04-11 22:10:41
INT00038,USR0067,BIZ0099,view,5.34,21,android,2026-03-01 01:47:38
INT00039,USR0022,BIZ0115,search_click,2.856,41,ios,2026-04-08 13:14:12
INT00040,USR0061,BIZ0090,profile_view,4.864,177,ios,2026-02-03 02:35:09
INT00041,USR0068,BIZ0097,view,2.421,17,ios,2026-02-25 08:11:43
INT00042,USR0192,BIZ0112,review_posted,4.645,234,ios,2026-03-12 22:21:21
INT00043,USR0038,BIZ0071,search_click,0.614,38,ios,2026-03-31 06:47:17
INT00044,USR0136,BIZ0093,view,2.703,25,ios,2026-04-25 06:35:56
INT00045,USR0111,BIZ0083,profile_view,3.881,99,ios,2026-04-11 10:14:44
INT00046,USR0066,BIZ0089,search_click,4.37,57,android,2026-04-05 07:21:33
INT00047,USR0151,BIZ0099,search_click,0.357,21,ios,2026-03-19 12:05:07
INT00048,USR0173,BIZ0002,view,4.702,21,android,2026-03-31 21:55:17
INT00049,USR0090,BIZ0033,view,0.526,5,android,2026-02-03 08:06:26
INT00050,USR0153,BIZ0089,inquiry_sent,0.527,223,android,2026-04-02 22:41:04
INT00051,USR0031,BIZ0010,profile_view,4.053,174,android,2026-04-19 20:36:21
INT00052,USR0179,BIZ0027,view,3.06,7,ios,2026-04-22 06:15:51
INT00053,USR0071,BIZ0099,profile_view,0.327,112,ios,2026-02-12 19:05:20
INT00054,USR0019,BIZ0037,view,2.257,6,ios,2026-04-25 05:21:02
INT00055,USR0068,BIZ0026,view,5.201,11,ios,2026-02-14 06:40:38
INT00056,USR0126,BIZ0014,search_click,4.501,49,android,2026-04-21 08:28:41
INT00057,USR0184,BIZ0035,view,4.312,28,ios,2026-04-09 04:04:28
INT00058,USR0005,BIZ0107,view,4.748,6,ios,2026-02-22 04:44:42
INT00059,USR0180,BIZ0045,search_click,4.678,55,ios,2026-03-13 06:01:24
INT00060,USR0104,BIZ0099,profile_view,0.287,168,android,2026-01-29 12:23:10
INT00061,USR0177,BIZ0099,search_click,0.287,32,ios,2026-03-31 14:00:27
INT00062,USR0103,BIZ0007,saved_business,4.048,61,ios,2026-02-05 11:01:44
INT00063,USR0118,BIZ0098,view,4.691,22,android,2026-04-26 07:04:13
INT00064,USR0170,BIZ0028,profile_view,2.998,121,ios,2026-02-05 20:32:43
INT00065,USR0162,BIZ0058,view,2.728,5,android,2026-03-14 05:59:04
INT00066,USR0017,BIZ0099,profile_view,0.17,145,android,2026-02-01 13:15:16
INT00067,USR0015,BIZ0045,profile_view,0.353,84,ios,2026-04-23 19:50:10
INT00068,USR0138,BIZ0021,search_click,5.058,12,android,2026-03-14 05:15:17
INT00069,USR0005,BIZ0062,review_posted,4.532,239,android,2026-01-30 12:16:16
INT00070,USR0162,BIZ0006,view,0.488,19,android,2026-04-14 09:36:10
INT00071,USR0017,BIZ0099,view,0.17,30,android,2026-02-03 21:33:36
INT00072,USR0052,BIZ0056,inquiry_sent,4.827,233,ios,2026-02-27 09:35:23
INT00073,USR0176,BIZ0077,view,5.188,30,android,2026-04-07 23:58:28
INT00074,USR0152,BIZ0025,view,3.107,29,ios,2026-02-13 08:13:55
INT00075,USR0095,BIZ0074,search_click,0.571,12,android,2026-02-07 05:10:22
INT00076,USR0162,BIZ0083,profile_view,4.242,154,android,2026-01-29 18:57:26
INT00077,USR0046,BIZ0110,profile_view,4.508,102,ios,2026-04-01 15:12:35
INT00078,USR0198,BIZ0062,view,4.042,13,ios,2026-03-07 07:13:48
INT00079,USR0045,BIZ0083,view,0.506,20,android,2026-03-26 15:58:34
INT00080,USR0078,BIZ0046,view,0.81,8,android,2026-03-25 22:06:41
INT00081,USR0195,BIZ0118,search_click,0.427,50,android,2026-02-23 02:19:25
INT00082,USR0050,BIZ0015,view,0.121,20,ios,2026-02-14 02:06:06
INT00083,USR0172,BIZ0109,view,0.266,11,ios,2026-02-20 20:13:37
INT00084,USR0158,BIZ0099,profile_view,5.295,43,android,2026-02-12 10:37:15
INT00085,USR0008,BIZ0063,view,4.405,28,ios,2026-03-23 13:29:19
INT00086,USR0084,BIZ0054,profile_view,4.789,88,android,2026-02-27 13:41:16
INT00087,USR0026,BIZ0034,search_click,0.182,24,android,2026-03-12 14:34:52
INT00088,USR0125,BIZ0007,search_click,4.143,49,ios,2026-02-14 05:51:13
INT00089,USR0096,BIZ0019,profile_view,4.855,99,android,2026-02-28 10:46:03
INT00090,USR0009,BIZ0095,view,4.627,19,ios,2026-03-07 20:36:21
INT00091,USR0195,BIZ0046,inquiry_sent,0.614,262,android,2026-03-22 05:59:04
INT00092,USR0142,BIZ0099,view,0.464,20,android,2026-03-23 11:03:25
INT00093,USR0119,BIZ0038,profile_view,0.746,93,android,2026-02-27 16:12:05
INT00094,USR0149,BIZ0034,review_posted,0.425,206,android,2026-03-07 19:37:46
INT00095,USR0012,BIZ0005,search_click,0.412,12,ios,2026-03-18 00:27:55
INT00096,USR0123,BIZ0099,profile_view,2.57,156,android,2026-02-05 16:43:12
INT00097,USR0193,BIZ0002,profile_view,0.22,63,ios,2026-02-24 20:08:58
INT00098,USR0166,BIZ0120,view,3.146,10,ios,2026-04-16 10:21:14
INT00099,USR0192,BIZ0078,saved_business,5.298,32,ios,2026-02-14 20:43:30
INT00100,USR0095,BIZ0087,profile_view,4.499,48,ios,2026-04-19 15:03:38
INT00101,USR0086,BIZ0072,view,5.561,27,android,2026-04-10 02:39:24
INT00102,USR0021,BIZ0085,view,3.871,21,ios,2026-04-19 03:16:28
INT00103,USR0029,BIZ0049,search_click,2.421,33,android,2026-03-28 13:17:43
INT00104,USR0181,BIZ0008,profile_view,0.114,115,android,2026-03-18 18:51:05
INT00105,USR0167,BIZ0062,review_posted,4.235,239,android,2026-04-07 00:05:49
INT00106,USR0195,BIZ0034,search_click,0.336,53,ios,2026-02-23 03:52:34
INT00107,USR0017,BIZ0049,search_click,2.878,17,ios,2026-04-03 02:27:53
INT00108,USR0174,BIZ0099,inquiry_sent,0.151,154,android,2026-02-15 04:05:09
INT00109,USR0118,BIZ0011,search_click,4.221,14,android,2026-02-13 01:08:14
INT00110,USR0029,BIZ0095,search_click,4.947,43,android,2026-02-24 14:29:18
INT00111,USR0175,BIZ0072,view,5.228,19,android,2026-02-24 10:55:07
INT00112,USR0017,BIZ0002,inquiry_sent,5.342,193,ios,2026-03-07 06:29:47
INT00113,USR0088,BIZ0089,profile_view,4.851,165,ios,2026-03-11 10:32:15
INT00114,USR0146,BIZ0018,profile_view,5.417,96,android,2026-03-13 19:12:26
INT00115,USR0074,BIZ0099,view,0.119,19,android,2026-03-25 21:29:01
INT00116,USR0042,BIZ0097,view,2.368,27,android,2026-02-12 17:33:09
INT00117,USR0030,BIZ0005,view,0.31,13,ios,2026-02-14 19:45:17
INT00118,USR0144,BIZ0097,profile_view,3.916,67,ios,2026-03-10 13:50:57
INT00119,USR0042,BIZ0072,view,0.314,20,android,2026-04-24 12:28:00
INT00120,USR0082,BIZ0022,saved_business,0.449,79,ios,2026-03-28 11:17:21
INT00121,USR0076,BIZ0062,view,4.805,23,android,2026-04-11 04:19:36
INT00122,USR0187,BIZ0108,search_click,4.471,56,ios,2026-04-20 05:37:09
INT00123,USR0036,BIZ0092,view,4.496,24,android,2026-03-10 08:32:36
INT00124,USR0024,BIZ0045,profile_view,2.573,164,android,2026-04-09 12:48:51
INT00125,USR0197,BIZ0038,view,4.92,19,android,2026-04-27 01:03:20
INT00126,USR0101,BIZ0029,view,4.088,6,ios,2026-03-05 23:58:03
INT00127,USR0184,BIZ0099,search_click,2.395,28,ios,2026-03-01 20:10:09
INT00128,USR0115,BIZ0103,view,3.98,19,ios,2026-04-11 13:12:11
INT00129,USR0074,BIZ0023,profile_view,5.41,136,android,2026-04-14 09:56:50
INT00130,USR0154,BIZ0010,view,0.478,21,ios,2026-02-04 04:03:08
INT00131,USR0152,BIZ0098,view,4.963,13,ios,2026-02-13 23:00:40
INT00132,USR0119,BIZ0097,profile_view,4.536,77,ios,2026-02-24 06:28:58
INT00133,USR0126,BIZ0005,inquiry_sent,4.838,137,ios,2026-03-20 13:17:22
INT00134,USR0119,BIZ0034,profile_view,4.51,106,ios,2026-02-09 09:27:52
INT00135,USR0171,BIZ0106,search_click,4.769,54,android,2026-01-31 18:40:42
INT00136,USR0196,BIZ0037,saved_business,4.425,61,ios,2026-03-21 02:53:00
INT00137,USR0067,BIZ0087,search_click,4.808,17,ios,2026-03-16 08:17:53
INT00138,USR0148,BIZ0002,view,4.658,9,ios,2026-03-11 17:05:50
INT00139,USR0178,BIZ0019,view,0.218,18,ios,2026-02-02 14:27:59
INT00140,USR0075,BIZ0071,review_posted,0.169,220,android,2026-04-08 00:58:17
INT00141,USR0154,BIZ0097,search_click,0.711,53,ios,2026-02-22 15:35:37
INT00142,USR0179,BIZ0094,view,0.863,9,android,2026-02-10 13:03:11
INT00143,USR0073,BIZ0049,search_click,4.162,20,android,2026-02-17 19:51:17
INT00144,USR0129,BIZ0034,view,2.624,24,android,2026-03-07 18:42:37
INT00145,USR0020,BIZ0015,view,0.276,16,ios,2026-04-01 09:54:42
INT00146,USR0036,BIZ0099,inquiry_sent,2.854,255,ios,2026-02-13 17:12:35
INT00147,USR0078,BIZ0003,inquiry_sent,3.183,279,android,2026-04-01 03:25:27
INT00148,USR0079,BIZ0017,view,5.198,27,android,2026-02-05 05:09:02
INT00149,USR0199,BIZ0063,search_click,4.629,12,android,2026-03-12 10:27:36
INT00150,USR0065,BIZ0005,view,4.219,8,android,2026-04-22 00:39:15
INT00151,USR0053,BIZ0078,view,4.734,5,android,2026-02-11 07:38:43
INT00152,USR0192,BIZ0111,review_posted,4.895,101,android,2026-03-15 15:50:46
INT00153,USR0018,BIZ0013,search_click,0.494,23,android,2026-04-26 00:03:07
INT00154,USR0044,BIZ0107,search_click,4.261,16,android,2026-04-22 01:28:23
INT00155,USR0182,BIZ0062,profile_view,4.079,57,android,2026-04-14 08:17:07
INT00156,USR0098,BIZ0056,search_click,0.353,58,ios,2026-02-09 08:15:05
INT00157,USR0029,BIZ0070,search_click,2.395,28,android,2026-02-05 14:53:52
INT00158,USR0127,BIZ0015,view,4.634,14,ios,2026-02-18 13:07:44
INT00159,USR0105,BIZ0038,inquiry_sent,4.553,77,ios,2026-04-23 17:39:34
INT00160,USR0095,BIZ0026,saved_business,0.201,28,ios,2026-03-09 15:26:54
INT00161,USR0169,BIZ0092,view,4.589,27,android,2026-04-05 22:44:08
INT00162,USR0044,BIZ0008,saved_business,4.167,66,android,2026-02-19 04:14:26
INT00163,USR0109,BIZ0097,view,2.651,23,ios,2026-04-07 06:51:24
INT00164,USR0165,BIZ0111,search_click,0.574,35,ios,2026-03-16 05:53:51
INT00165,USR0038,BIZ0099,view,5.422,20,android,2026-03-26 18:31:25
INT00166,USR0035,BIZ0003,profile_view,0.351,157,android,2026-04-26 16:55:08
INT00167,USR0098,BIZ0081,view,4.966,24,android,2026-04-07 15:12:45
INT00168,USR0170,BIZ0097,profile_view,2.492,81,ios,2026-03-29 19:21:49
INT00169,USR0126,BIZ0067,search_click,2.544,44,android,2026-04-24 22:48:58
INT00170,USR0009,BIZ0119,inquiry_sent,4.851,175,ios,2026-04-15 23:27:02
INT00171,USR0114,BIZ0059,view,4.291,29,ios,2026-04-18 20:11:41
INT00172,USR0043,BIZ0064,view,3.943,20,android,2026-03-21 09:58:10
INT00173,USR0126,BIZ0090,profile_view,0.348,151,android,2026-03-15 19:40:55
INT00174,USR0101,BIZ0036,search_click,0.355,53,ios,2026-04-08 04:49:09
INT00175,USR0073,BIZ0044,view,0.808,16,ios,2026-04-12 01:52:39
INT00176,USR0150,BIZ0002,inquiry_sent,5.402,84,ios,2026-03-01 06:45:04
INT00177,USR0092,BIZ0053,view,4.884,12,ios,2026-03-23 13:06:38
INT00178,USR0177,BIZ0008,view,4.512,5,ios,2026-02-01 13:58:40
INT00179,USR0169,BIZ0101,search_click,4.731,27,android,2026-04-01 20:30:45
INT00180,USR0151,BIZ0002,view,5.185,15,android,2026-04-11 23:13:39
INT00181,USR0026,BIZ0094,view,0.57,30,ios,2026-02-13 05:09:25
INT00182,USR0077,BIZ0048,search_click,4.672,60,android,2026-04-14 20:27:51
INT00183,USR0138,BIZ0032,view,0.351,23,ios,2026-04-11 15:11:05
INT00184,USR0160,BIZ0097,view,2.322,8,ios,2026-02-22 19:42:38
INT00185,USR0146,BIZ0099,search_click,5.407,60,android,2026-03-28 20:33:42
INT00186,USR0078,BIZ0067,view,0.489,15,android,2026-03-07 12:09:40
INT00187,USR0065,BIZ0086,search_click,3.977,21,android,2026-03-26 17:23:06
INT00188,USR0133,BIZ0101,search_click,0.242,57,ios,2026-02-22 07:59:02
INT00189,USR0164,BIZ0072,profile_view,3.145,141,android,2026-03-17 05:20:40
INT00190,USR0094,BIZ0059,view,4.526,29,ios,2026-04-15 04:32:45
INT00191,USR0106,BIZ0043,inquiry_sent,0.446,112,ios,2026-02-22 05:49:17
INT00192,USR0074,BIZ0088,view,3.338,17,android,2026-02-08 10:31:44
INT00193,USR0050,BIZ0003,profile_view,0.604,154,ios,2026-03-08 04:48:13
INT00194,USR0010,BIZ0030,view,0.604,30,ios,2026-03-29 11:58:15
INT00195,USR0046,BIZ0088,view,0.796,30,android,2026-02-03 04:44:57
INT00196,USR0022,BIZ0042,view,0.439,18,ios,2026-03-30 16:03:14
INT00197,USR0024,BIZ0051,inquiry_sent,2.614,120,android,2026-03-21 14:32:41
INT00198,USR0129,BIZ0110,search_click,4.801,59,ios,2026-03-14 21:34:36
INT00199,USR0024,BIZ0034,view,0.074,15,ios,2026-04-11 17:51:36
INT00200,USR0191,BIZ0034,search_click,0.459,21,android,2026-04-26 12:16:37
INT00201,USR0113,BIZ0053,inquiry_sent,0.492,196,ios,2026-04-02 04:24:59
INT00202,USR0029,BIZ0043,search_click,2.239,27,android,2026-03-02 21:19:05
INT00203,USR0184,BIZ0048,view,2.068,24,android,2026-04-14 22:49:26
INT00204,USR0170,BIZ0099,view,0.125,26,android,2026-02-20 23:41:07
INT00205,USR0099,BIZ0041,saved_business,4.531,30,android,2026-04-16 09:45:36
INT00206,USR0100,BIZ0002,saved_business,3.976,47,ios,2026-02-06 08:10:59
INT00207,USR0194,BIZ0034,view,4.446,19,ios,2026-04-18 08:53:29
INT00208,USR0197,BIZ0088,profile_view,2.846,50,ios,2026-03-12 14:47:58
INT00209,USR0106,BIZ0110,view,4.841,8,android,2026-04-02 01:57:50
INT00210,USR0130,BIZ0008,search_click,0.436,45,ios,2026-03-11 00:17:15
INT00211,USR0008,BIZ0099,profile_view,4.579,143,android,2026-01-29 11:53:09
INT00212,USR0052,BIZ0087,view,0.399,10,android,2026-03-16 16:35:33
INT00213,USR0197,BIZ0099,profile_view,0.397,135,ios,2026-03-10 20:27:37
INT00214,USR0189,BIZ0018,view,2.332,15,ios,2026-02-16 02:21:21
INT00215,USR0107,BIZ0048,search_click,5.106,46,android,2026-01-31 02:01:45
INT00216,USR0006,BIZ0109,profile_view,0.149,52,ios,2026-02-16 01:29:50
INT00217,USR0180,BIZ0099,view,4.723,24,ios,2026-02-11 15:37:29
INT00218,USR0095,BIZ0024,search_click,4.867,43,ios,2026-04-08 19:41:54
INT00219,USR0117,BIZ0099,search_click,4.989,23,android,2026-04-24 08:42:55
INT00220,USR0069,BIZ0038,search_click,4.692,23,android,2026-04-28 18:53:25
INT00221,USR0073,BIZ0097,view,4.628,30,android,2026-01-31 19:23:32
INT00222,USR0068,BIZ0034,search_click,2.73,47,ios,2026-02-05 22:26:16
INT00223,USR0121,BIZ0018,view,2.787,26,android,2026-04-03 10:02:52
INT00224,USR0182,BIZ0055,search_click,0.59,45,android,2026-02-02 21:48:20
INT00225,USR0061,BIZ0062,search_click,0.13,52,android,2026-01-29 16:49:19
INT00226,USR0130,BIZ0085,view,4.289,16,android,2026-04-26 08:14:50
INT00227,USR0144,BIZ0005,view,0.512,20,ios,2026-04-18 05:29:57
INT00228,USR0034,BIZ0011,profile_view,4.488,96,android,2026-02-26 09:54:17
INT00229,USR0033,BIZ0066,saved_business,2.43,61,ios,2026-02-23 16:21:41
INT00230,USR0068,BIZ0083,profile_view,4.633,110,ios,2026-04-19 13:24:48
INT00231,USR0081,BIZ0097,search_click,0.706,45,ios,2026-02-03 00:12:08
INT00232,USR0039,BIZ0007,view,0.08,10,ios,2026-03-09 11:55:51
INT00233,USR0127,BIZ0005,search_click,0.476,41,ios,2026-03-14 14:05:51
INT00234,USR0185,BIZ0102,view,0.062,14,android,2026-04-14 08:44:32
INT00235,USR0192,BIZ0068,view,0.372,23,android,2026-03-22 17:42:17
INT00236,USR0002,BIZ0070,search_click,0.164,14,android,2026-04-08 08:40:11
INT00237,USR0174,BIZ0012,view,0.417,26,android,2026-03-05 16:38:56
INT00238,USR0152,BIZ0110,view,4.652,5,android,2026-03-11 15:20:45
INT00239,USR0182,BIZ0090,search_click,2.842,48,android,2026-02-27 20:48:16
INT00240,USR0012,BIZ0089,saved_business,0.262,87,android,2026-02-17 05:47:41
INT00241,USR0013,BIZ0099,view,3.148,28,android,2026-03-19 11:05:59
INT00242,USR0155,BIZ0049,search_click,2.735,59,ios,2026-02-06 05:53:20
INT00243,USR0054,BIZ0023,profile_view,0.39,69,android,2026-02-25 02:06:11
INT00244,USR0111,BIZ0097,review_posted,0.651,214,android,2026-03-02 12:46:40
INT00245,USR0025,BIZ0099,search_click,5.064,34,ios,2026-02-22 09:09:28
INT00246,USR0154,BIZ0055,profile_view,0.246,77,ios,2026-03-26 23:31:28
INT00247,USR0024,BIZ0005,view,4.411,12,android,2026-04-22 23:29:03
INT00248,USR0135,BIZ0087,search_click,4.375,37,android,2026-04-20 20:48:39
INT00249,USR0123,BIZ0039,saved_business,2.523,53,android,2026-03-17 07:07:16
INT00250,USR0076,BIZ0076,search_click,3.037,42,android,2026-03-16 04:14:59
INT00251,USR0106,BIZ0012,profile_view,2.693,94,ios,2026-02-21 03:44:25
INT00252,USR0021,BIZ0099,view,5.043,19,android,2026-04-09 23:23:05
INT00253,USR0101,BIZ0005,search_click,4.561,30,ios,2026-04-07 09:07:39
INT00254,USR0116,BIZ0086,view,3.934,30,android,2026-02-17 05:09:00
INT00255,USR0021,BIZ0097,profile_view,4.193,57,ios,2026-03-18 07:29:40
INT00256,USR0002,BIZ0051,view,2.594,19,ios,2026-04-17 09:48:29
INT00257,USR0191,BIZ0081,search_click,2.795,49,ios,2026-04-01 09:04:22
INT00258,USR0177,BIZ0092,inquiry_sent,4.369,94,android,2026-02-15 09:22:29
INT00259,USR0005,BIZ0095,view,4.706,20,android,2026-03-28 16:40:49
INT00260,USR0112,BIZ0099,inquiry_sent,4.59,82,ios,2026-04-08 11:50:24
INT00261,USR0038,BIZ0062,view,0.634,9,ios,2026-04-25 23:11:41
INT00262,USR0121,BIZ0002,search_click,4.751,28,ios,2026-02-02 19:14:03
INT00263,USR0003,BIZ0014,inquiry_sent,0.324,166,ios,2026-04-05 13:19:53
INT00264,USR0153,BIZ0097,saved_business,4.379,66,ios,2026-03-16 10:05:26
INT00265,USR0186,BIZ0083,profile_view,0.802,154,android,2026-04-03 12:06:34
INT00266,USR0136,BIZ0002,search_click,3.964,27,ios,2026-04-19 05:47:09
INT00267,USR0030,BIZ0065,review_posted,0.344,238,ios,2026-01-31 02:11:07
INT00268,USR0074,BIZ0097,search_click,2.546,42,android,2026-03-23 02:35:06
INT00269,USR0176,BIZ0046,profile_view,0.43,149,android,2026-04-18 16:53:48
INT00270,USR0186,BIZ0097,saved_business,4.861,61,ios,2026-04-11 04:42:47
INT00271,USR0042,BIZ0086,view,5.085,26,ios,2026-02-09 20:05:27
INT00272,USR0052,BIZ0022,search_click,2.456,41,ios,2026-02-19 08:14:06
INT00273,USR0143,BIZ0005,view,4.374,16,android,2026-02-13 22:37:34
INT00274,USR0129,BIZ0003,view,0.534,24,android,2026-02-09 01:55:42
INT00275,USR0058,BIZ0063,saved_business,2.988,20,ios,2026-04-19 21:17:18
INT00276,USR0177,BIZ0103,profile_view,2.485,42,ios,2026-04-11 03:03:14
INT00277,USR0194,BIZ0015,view,4.994,30,android,2026-04-13 08:14:25
INT00278,USR0011,BIZ0067,view,4.201,11,ios,2026-02-12 08:25:57
INT00279,USR0075,BIZ0097,profile_view,4.09,55,android,2026-03-28 10:57:47
INT00280,USR0086,BIZ0099,view,5.326,18,android,2026-02-20 07:07:30
INT00281,USR0122,BIZ0046,search_click,2.506,33,ios,2026-03-02 16:13:55
INT00282,USR0171,BIZ0034,profile_view,4.764,88,android,2026-04-11 09:03:45
INT00283,USR0106,BIZ0108,inquiry_sent,2.515,192,ios,2026-04-24 03:43:16
INT00284,USR0114,BIZ0021,view,0.425,7,android,2026-02-28 15:58:41
INT00285,USR0103,BIZ0117,view,4.495,29,android,2026-03-29 15:13:22
INT00286,USR0165,BIZ0021,search_click,0.438,55,ios,2026-03-07 22:56:30
INT00287,USR0175,BIZ0096,inquiry_sent,4.465,140,ios,2026-01-29 22:18:40
INT00288,USR0072,BIZ0107,profile_view,0.477,133,ios,2026-03-28 04:01:18
INT00289,USR0140,BIZ0086,profile_view,3.906,118,ios,2026-04-09 00:06:25
INT00290,USR0078,BIZ0010,search_click,0.359,56,android,2026-03-17 01:27:24
INT00291,USR0139,BIZ0038,view,5.263,21,ios,2026-04-07 08:27:44
INT00292,USR0041,BIZ0002,inquiry_sent,0.333,126,android,2026-04-14 02:51:25
INT00293,USR0078,BIZ0097,saved_business,0.858,22,ios,2026-02-21 14:18:58
INT00294,USR0130,BIZ0047,view,0.13,8,ios,2026-02-25 00:50:18
INT00295,USR0189,BIZ0001,view,0.54,28,android,2026-03-01 17:58:14
INT00296,USR0073,BIZ0091,inquiry_sent,4.627,95,ios,2026-03-16 23:43:20
INT00297,USR0064,BIZ0014,search_click,0.32,59,ios,2026-03-11 02:33:03
INT00298,USR0038,BIZ0097,inquiry_sent,4.801,75,ios,2026-04-19 04:25:20
INT00299,USR0122,BIZ0033,view,0.26,17,ios,2026-04-17 16:47:39
INT00300,USR0150,BIZ0066,search_click,0.365,41,ios,2026-04-13 08:40:33
INT00301,USR0037,BIZ0067,search_click,0.729,55,android,2026-04-01 17:17:56
INT00302,USR0117,BIZ0062,profile_view,0.268,124,android,2026-03-24 08:41:55
INT00303,USR0105,BIZ0014,search_click,3.836,43,android,2026-02-08 19:33:55
INT00304,USR0079,BIZ0119,view,5.056,30,android,2026-02-11 00:15:51
INT00305,USR0151,BIZ0055,review_posted,2.577,132,android,2026-02-14 16:41:20
INT00306,USR0190,BIZ0064,view,3.667,6,ios,2026-03-13 12:35:00
INT00307,USR0080,BIZ0076,review_posted,3.216,181,android,2026-04-07 19:03:25
INT00308,USR0130,BIZ0087,profile_view,4.682,68,ios,2026-02-06 06:09:45
INT00309,USR0160,BIZ0091,search_click,2.288,35,ios,2026-03-18 21:47:25
INT00310,USR0172,BIZ0105,profile_view,2.889,72,android,2026-03-21 16:45:04
INT00311,USR0198,BIZ0097,search_click,0.425,45,android,2026-02-15 12:53:02
INT00312,USR0159,BIZ0072,profile_view,0.676,163,android,2026-04-06 18:26:56
INT00313,USR0129,BIZ0107,view,5.057,10,android,2026-02-22 23:09:41
INT00314,USR0053,BIZ0034,profile_view,4.045,143,android,2026-04-11 20:11:30
INT00315,USR0156,BIZ0044,search_click,0.087,11,ios,2026-03-09 13:11:59
INT00316,USR0107,BIZ0002,search_click,0.448,15,android,2026-04-27 09:34:49
INT00317,USR0139,BIZ0024,view,0.386,7,android,2026-02-25 19:55:04
INT00318,USR0105,BIZ0092,view,4.101,10,android,2026-04-03 09:58:18
INT00319,USR0077,BIZ0049,view,3.558,15,ios,2026-03-04 00:21:02
INT00320,USR0031,BIZ0006,view,4.43,12,ios,2026-03-15 23:51:51
INT00321,USR0130,BIZ0049,view,4.113,19,ios,2026-02-04 02:37:55
INT00322,USR0008,BIZ0053,view,0.456,13,android,2026-02-20 09:17:06
INT00323,USR0143,BIZ0088,view,0.774,19,android,2026-04-15 09:12:09
INT00324,USR0129,BIZ0030,saved_business,0.334,36,android,2026-03-18 14:19:09
INT00325,USR0109,BIZ0113,search_click,5.541,39,ios,2026-03-28 23:50:58
INT00326,USR0043,BIZ0001,review_posted,4.136,213,ios,2026-04-14 18:32:09
INT00327,USR0098,BIZ0120,inquiry_sent,4.967,275,ios,2026-02-02 07:29:21
INT00328,USR0190,BIZ0072,view,4.807,27,android,2026-04-13 23:07:05
INT00329,USR0186,BIZ0075,view,4.971,24,ios,2026-04-18 18:32:04
INT00330,USR0088,BIZ0087,saved_business,2.644,49,android,2026-03-29 19:45:38
INT00331,USR0083,BIZ0046,search_click,2.484,11,android,2026-03-28 09:33:35
INT00332,USR0001,BIZ0082,view,0.459,10,ios,2026-03-20 05:45:00
INT00333,USR0179,BIZ0096,profile_view,2.677,49,android,2026-04-19 13:11:53
INT00334,USR0172,BIZ0058,view,0.305,17,ios,2026-03-05 00:37:28
INT00335,USR0197,BIZ0099,saved_business,0.397,62,android,2026-03-10 05:31:48
INT00336,USR0057,BIZ0097,profile_view,1.942,121,android,2026-02-06 07:34:12
INT00337,USR0158,BIZ0086,inquiry_sent,0.327,186,ios,2026-02-01 12:43:18
INT00338,USR0127,BIZ0107,profile_view,0.388,80,ios,2026-02-08 04:53:12
INT00339,USR0072,BIZ0076,search_click,4.481,52,android,2026-02-04 02:25:16
INT00340,USR0033,BIZ0097,view,0.143,12,ios,2026-02-15 11:38:30
INT00341,USR0174,BIZ0002,saved_business,5.133,47,ios,2026-01-29 09:27:54
INT00342,USR0110,BIZ0088,review_posted,0.506,142,ios,2026-04-15 05:01:12
INT00343,USR0105,BIZ0037,profile_view,0.305,122,android,2026-04-18 18:15:20
INT00344,USR0058,BIZ0005,review_posted,4.017,140,android,2026-03-05 11:39:27
INT00345,USR0086,BIZ0009,search_click,5.386,57,android,2026-04-27 05:55:44
INT00346,USR0109,BIZ0113,review_posted,5.541,144,ios,2026-02-03 20:59:08
INT00347,USR0161,BIZ0013,search_click,0.619,47,ios,2026-04-14 20:44:19
INT00348,USR0064,BIZ0014,view,0.32,6,ios,2026-03-16 23:44:25
INT00349,USR0061,BIZ0111,profile_view,4.331,54,ios,2026-03-22 07:44:26
INT00350,USR0022,BIZ0115,review_posted,2.856,237,android,2026-04-09 15:45:29
INT00351,USR0016,BIZ0108,search_click,2.565,50,ios,2026-02-04 03:20:57
INT00352,USR0174,BIZ0007,view,2.795,17,android,2026-03-25 18:36:52
INT00353,USR0106,BIZ0034,search_click,0.507,10,ios,2026-03-04 18:30:34
INT00354,USR0110,BIZ0103,profile_view,0.398,36,ios,2026-03-16 18:25:20
INT00355,USR0151,BIZ0029,view,4.56,7,android,2026-04-20 14:40:53
INT00356,USR0033,BIZ0088,view,0.926,28,ios,2026-02-14 22:50:12
INT00357,USR0036,BIZ0099,view,2.854,18,ios,2026-02-26 05:24:32
INT00358,USR0139,BIZ0099,view,0.272,15,ios,2026-03-03 09:54:54
INT00359,USR0003,BIZ0070,profile_view,3.506,90,android,2026-03-08 04:53:39
INT00360,USR0051,BIZ0116,profile_view,0.548,47,ios,2026-02-15 06:15:01
INT00361,USR0122,BIZ0095,saved_business,4.917,57,ios,2026-03-25 16:01:30
INT00362,USR0108,BIZ0045,view,4.893,6,ios,2026-02-17 23:09:32
INT00363,USR0001,BIZ0088,profile_view,0.655,84,android,2026-03-13 11:39:15
INT00364,USR0197,BIZ0112,view,2.158,11,ios,2026-02-14 19:12:37
INT00365,USR0002,BIZ0048,view,2.552,8,android,2026-02-24 08:53:13
INT00366,USR0050,BIZ0087,review_posted,0.494,67,android,2026-02-16 00:32:39
INT00367,USR0045,BIZ0033,view,4.413,22,android,2026-02-14 06:53:30
INT00368,USR0006,BIZ0025,view,0.682,26,android,2026-03-04 07:42:55
INT00369,USR0029,BIZ0046,view,2.224,16,ios,2026-03-29 16:48:18
INT00370,USR0135,BIZ0116,saved_business,0.192,23,android,2026-02-11 05:12:57
INT00371,USR0034,BIZ0099,view,0.07,16,ios,2026-03-24 04:16:06
INT00372,USR0163,BIZ0034,view,4.173,11,ios,2026-04-10 06:45:07
INT00373,USR0084,BIZ0034,profile_view,4.073,62,ios,2026-02-17 01:11:43
INT00374,USR0021,BIZ0099,profile_view,5.043,72,ios,2026-04-06 20:04:03
INT00375,USR0166,BIZ0097,search_click,0.754,21,ios,2026-04-03 08:12:50
INT00376,USR0135,BIZ0095,profile_view,0.265,98,ios,2026-03-27 15:33:01
INT00377,USR0150,BIZ0088,view,3.377,19,android,2026-03-05 20:23:10
INT00378,USR0079,BIZ0056,search_click,5.148,33,ios,2026-03-19 18:26:04
INT00379,USR0035,BIZ0097,view,2.009,12,android,2026-03-12 02:11:20
INT00380,USR0160,BIZ0045,search_click,0.208,33,ios,2026-02-26 18:00:23
INT00381,USR0098,BIZ0002,search_click,0.49,14,ios,2026-04-20 08:25:48
INT00382,USR0076,BIZ0099,search_click,0.094,60,ios,2026-04-22 14:42:40
INT00383,USR0026,BIZ0015,search_click,2.561,31,android,2026-03-30 23:28:27
INT00384,USR0065,BIZ0040,inquiry_sent,0.565,130,android,2026-04-02 17:25:49
INT00385,USR0036,BIZ0120,profile_view,2.815,96,android,2026-04-08 12:36:24
INT00386,USR0073,BIZ0099,profile_view,5.421,133,android,2026-03-12 16:46:15
INT00387,USR0132,BIZ0118,saved_business,0.266,44,android,2026-04-04 07:38:52
INT00388,USR0054,BIZ0062,search_click,0.277,58,ios,2026-04-04 05:51:53
INT00389,USR0119,BIZ0046,view,4.723,18,ios,2026-02-17 01:56:43
INT00390,USR0116,BIZ0099,view,2.578,9,ios,2026-04-24 02:53:13
INT00391,USR0003,BIZ0066,profile_view,4.405,87,ios,2026-03-08 12:47:46
INT00392,USR0193,BIZ0052,profile_view,4.877,113,android,2026-03-21 07:12:34
INT00393,USR0009,BIZ0109,view,2.269,15,ios,2026-04-27 10:24:50
INT00394,USR0053,BIZ0112,view,4.0,20,android,2026-02-27 19:32:22
INT00395,USR0116,BIZ0088,view,0.663,26,android,2026-02-01 02:29:24
INT00396,USR0177,BIZ0081,view,0.074,17,ios,2026-02-16 17:58:11
INT00397,USR0075,BIZ0090,view,4.955,21,android,2026-02-13 16:23:09
INT00398,USR0106,BIZ0050,saved_business,4.887,68,ios,2026-04-06 02:25:50
INT00399,USR0100,BIZ0113,inquiry_sent,4.167,112,ios,2026-03-09 02:47:45
INT00400,USR0182,BIZ0091,view,0.518,14,android,2026-03-15 10:35:18
INT00401,USR0176,BIZ0059,view,4.725,19,android,2026-04-13 10:20:27
INT00402,USR0155,BIZ0099,search_click,0.031,41,ios,2026-03-11 20:39:52
INT00403,USR0011,BIZ0097,view,4.566,19,ios,2026-04-02 05:55:33
INT00404,USR0183,BIZ0099,search_click,0.2,21,ios,2026-02-20 15:22:24
INT00405,USR0159,BIZ0097,search_click,2.031,21,android,2026-03-05 15:18:47
INT00406,USR0012,BIZ0034,inquiry_sent,4.523,220,ios,2026-03-30 05:13:16
INT00407,USR0018,BIZ0095,profile_view,4.201,156,ios,2026-04-28 12:48:15
INT00408,USR0142,BIZ0016,search_click,2.711,42,ios,2026-03-07 03:02:59
INT00409,USR0043,BIZ0035,search_click,0.194,14,ios,2026-03-04 12:32:18
INT00410,USR0191,BIZ0051,view,2.795,13,android,2026-04-03 00:53:51
INT00411,USR0035,BIZ0045,profile_view,0.444,47,android,2026-03-19 13:50:52
INT00412,USR0063,BIZ0097,search_click,0.783,27,android,2026-02-13 13:42:53
INT00413,USR0005,BIZ0082,view,2.649,28,ios,2026-02-13 09:06:05
INT00414,USR0172,BIZ0099,profile_view,2.806,121,android,2026-02-17 17:15:17
INT00415,USR0009,BIZ0106,search_click,2.363,13,android,2026-03-05 08:58:41
INT00416,USR0079,BIZ0058,search_click,2.661,34,android,2026-04-22 19:29:41
INT00417,USR0096,BIZ0108,view,4.775,5,android,2026-02-28 13:24:51
INT00418,USR0050,BIZ0092,view,4.611,8,android,2026-04-04 09:06:25
INT00419,USR0012,BIZ0054,view,4.941,22,android,2026-03-26 10:32:12
INT00420,USR0139,BIZ0051,search_click,0.651,16,ios,2026-02-27 07:43:00
INT00421,USR0004,BIZ0052,view,4.512,19,android,2026-02-04 03:50:15
INT00422,USR0072,BIZ0088,search_click,4.368,23,ios,2026-02-25 08:33:22
INT00423,USR0154,BIZ0066,saved_business,3.204,87,android,2026-02-20 21:25:59
INT00424,USR0025,BIZ0080,saved_business,0.426,32,ios,2026-02-13 23:57:26
INT00425,USR0195,BIZ0104,view,4.485,20,android,2026-02-28 09:04:10
INT00426,USR0156,BIZ0108,search_click,4.285,57,android,2026-03-15 12:37:46
INT00427,USR0181,BIZ0118,view,4.191,8,ios,2026-02-19 11:51:30
INT00428,USR0110,BIZ0098,profile_view,3.805,125,ios,2026-02-24 21:55:48
INT00429,USR0039,BIZ0049,profile_view,0.055,143,ios,2026-02-10 07:15:32
INT00430,USR0082,BIZ0088,profile_view,0.628,136,ios,2026-04-06 18:25:56
INT00431,USR0059,BIZ0099,view,5.067,22,android,2026-04-20 19:34:03
INT00432,USR0171,BIZ0118,inquiry_sent,4.732,116,ios,2026-03-17 03:37:18
INT00433,USR0047,BIZ0058,view,0.609,7,android,2026-02-02 21:47:35
INT00434,USR0037,BIZ0110,view,4.723,22,android,2026-02-19 11:40:20
INT00435,USR0021,BIZ0056,search_click,0.354,22,android,2026-03-08 09:07:07
INT00436,USR0156,BIZ0034,view,3.974,25,android,2026-02-22 16:27:42
INT00437,USR0124,BIZ0009,saved_business,5.34,36,ios,2026-03-09 22:36:52
INT00438,USR0130,BIZ0082,search_click,4.512,60,ios,2026-01-31 00:02:03
INT00439,USR0098,BIZ0056,view,0.353,14,android,2026-03-19 23:24:10
INT00440,USR0045,BIZ0035,search_click,0.306,34,ios,2026-02-04 16:37:55
INT00441,USR0035,BIZ0097,view,2.009,5,android,2026-04-16 18:25:02
INT00442,USR0187,BIZ0097,search_click,4.344,35,ios,2026-03-04 18:45:47
INT00443,USR0079,BIZ0088,search_click,3.108,12,android,2026-03-04 20:27:59
INT00444,USR0145,BIZ0023,profile_view,0.781,119,ios,2026-03-27 08:47:55
INT00445,USR0095,BIZ0095,profile_view,0.586,93,android,2026-03-13 05:07:46
INT00446,USR0093,BIZ0087,profile_view,0.212,67,ios,2026-03-24 16:59:00
INT00447,USR0175,BIZ0021,view,5.006,26,android,2026-01-30 07:53:28
INT00448,USR0198,BIZ0012,profile_view,2.61,180,android,2026-03-16 21:16:56
INT00449,USR0049,BIZ0103,view,0.361,27,ios,2026-03-15 06:38:22
INT00450,USR0137,BIZ0090,search_click,2.529,36,android,2026-02-08 01:16:27
INT00451,USR0147,BIZ0099,view,4.672,28,android,2026-04-22 22:04:43
INT00452,USR0102,BIZ0095,view,4.355,20,android,2026-02-06 22:28:58
INT00453,USR0199,BIZ0095,search_click,0.375,56,ios,2026-02-13 13:48:44
INT00454,USR0096,BIZ0028,view,4.442,21,android,2026-03-10 18:40:10
INT00455,USR0055,BIZ0028,view,4.153,29,android,2026-02-21 13:26:33
INT00456,USR0105,BIZ0058,review_posted,0.422,222,android,2026-02-05 09:37:53
INT00457,USR0022,BIZ0049,view,2.522,23,android,2026-03-13 05:30:00
INT00458,USR0173,BIZ0098,view,4.495,5,android,2026-02-06 22:25:14
INT00459,USR0134,BIZ0099,search_click,2.761,58,ios,2026-04-23 02:38:22
INT00460,USR0122,BIZ0098,profile_view,4.972,117,ios,2026-04-12 17:37:56
INT00461,USR0093,BIZ0091,search_click,2.191,32,ios,2026-04-11 18:47:09
INT00462,USR0001,BIZ0059,profile_view,4.478,65,android,2026-03-24 09:21:58
INT00463,USR0136,BIZ0038,profile_view,4.251,124,ios,2026-03-25 20:52:55
INT00464,USR0169,BIZ0103,search_click,2.666,10,ios,2026-01-30 17:09:49
INT00465,USR0093,BIZ0103,saved_business,2.479,71,android,2026-03-24 19:51:01
INT00466,USR0103,BIZ0097,profile_view,4.502,151,android,2026-04-05 07:16:56
INT00467,USR0076,BIZ0082,profile_view,2.956,176,android,2026-02-09 17:25:22
INT00468,USR0023,BIZ0039,profile_view,4.624,149,android,2026-04-19 21:29:05
INT00469,USR0030,BIZ0062,search_click,0.29,20,android,2026-02-07 17:03:24
INT00470,USR0184,BIZ0003,review_posted,2.308,158,ios,2026-02-18 01:15:16
INT00471,USR0066,BIZ0091,saved_business,0.316,32,ios,2026-02-06 08:35:47
INT00472,USR0178,BIZ0045,view,2.755,24,android,2026-03-28 04:15:11
INT00473,USR0097,BIZ0108,profile_view,0.542,173,ios,2026-04-11 23:29:20
INT00474,USR0058,BIZ0035,view,3.969,15,android,2026-04-06 05:37:00
INT00475,USR0030,BIZ0076,view,4.536,17,android,2026-02-26 04:34:04
INT00476,USR0152,BIZ0072,inquiry_sent,0.324,141,ios,2026-04-10 23:52:53
INT00477,USR0033,BIZ0070,profile_view,0.6,131,android,2026-03-18 15:57:18
INT00478,USR0118,BIZ0043,inquiry_sent,2.105,116,ios,2026-03-31 10:00:04
INT00479,USR0038,BIZ0081,view,5.225,30,android,2026-03-24 02:49:25
INT00480,USR0080,BIZ0067,profile_view,3.036,176,ios,2026-03-27 00:22:07
INT00481,USR0056,BIZ0065,profile_view,4.784,115,android,2026-04-13 17:28:23
INT00482,USR0054,BIZ0099,review_posted,5.077,73,android,2026-04-16 07:53:04
INT00483,USR0187,BIZ0050,saved_business,0.026,35,android,2026-03-19 12:47:56
INT00484,USR0087,BIZ0055,search_click,4.923,35,ios,2026-02-04 16:22:49
INT00485,USR0187,BIZ0038,profile_view,0.329,170,ios,2026-02-06 23:27:09
INT00486,USR0083,BIZ0097,search_click,2.344,55,ios,2026-03-11 09:30:45
INT00487,USR0042,BIZ0077,search_click,5.463,19,android,2026-02-17 20:25:01
INT00488,USR0192,BIZ0029,profile_view,0.773,177,android,2026-03-31 06:24:31
INT00489,USR0038,BIZ0049,saved_business,4.35,36,android,2026-02-06 20:42:19
INT00490,USR0122,BIZ0026,view,5.112,25,ios,2026-03-23 14:58:11
INT00491,USR0039,BIZ0087,search_click,2.24,25,ios,2026-03-14 04:40:27
INT00492,USR0177,BIZ0080,view,5.106,29,android,2026-04-09 05:08:27
INT00493,USR0167,BIZ0049,profile_view,0.692,32,android,2026-02-08 17:09:29
INT00494,USR0032,BIZ0064,profile_view,2.243,35,ios,2026-02-22 20:29:16
INT00495,USR0191,BIZ0012,search_click,2.82,51,ios,2026-02-25 01:42:25
INT00496,USR0033,BIZ0013,view,0.728,30,android,2026-03-06 16:45:22
INT00497,USR0180,BIZ0002,search_click,0.558,43,ios,2026-02-03 23:20:05
INT00498,USR0150,BIZ0072,inquiry_sent,0.093,252,android,2026-04-26 03:06:48
INT00499,USR0031,BIZ0026,search_click,0.413,45,ios,2026-04-11 06:21:01
INT00500,USR0032,BIZ0004,search_click,2.535,15,ios,2026-04-15 20:22:28
INT00501,USR0009,BIZ0010,view,2.493,22,android,2026-03-08 07:01:59
INT00502,USR0169,BIZ0001,view,2.795,21,ios,2026-03-29 13:01:21
INT00503,USR0114,BIZ0020,search_click,5.021,32,android,2026-04-01 03:10:18
INT00504,USR0170,BIZ0099,view,0.125,14,android,2026-04-25 09:16:33
INT00505,USR0155,BIZ0074,search_click,4.631,56,ios,2026-02-04 21:51:33
INT00506,USR0066,BIZ0035,profile_view,4.215,146,android,2026-04-24 05:52:54
INT00507,USR0174,BIZ0056,profile_view,5.182,48,ios,2026-04-28 19:13:06
INT00508,USR0179,BIZ0088,profile_view,0.145,160,android,2026-03-07 23:45:54
INT00509,USR0040,BIZ0043,profile_view,4.166,93,android,2026-02-22 12:42:46
INT00510,USR0137,BIZ0014,search_click,3.59,50,android,2026-03-02 20:55:56
INT00511,USR0086,BIZ0099,view,5.326,13,android,2026-02-07 00:48:27
INT00512,USR0057,BIZ0049,view,2.162,10,ios,2026-03-23 05:06:31
INT00513,USR0126,BIZ0013,view,2.622,14,ios,2026-03-24 21:22:15
INT00514,USR0013,BIZ0024,review_posted,3.124,148,ios,2026-03-13 03:15:50
INT00515,USR0033,BIZ0035,profile_view,4.368,62,android,2026-03-04 07:27:06
INT00516,USR0189,BIZ0037,review_posted,0.287,154,android,2026-03-31 06:11:14
INT00517,USR0108,BIZ0097,view,4.228,30,ios,2026-03-15 10:03:27
INT00518,USR0071,BIZ0112,search_click,2.426,24,ios,2026-03-27 10:12:52
INT00519,USR0023,BIZ0112,search_click,4.033,15,android,2026-02-05 02:53:58
INT00520,USR0062,BIZ0112,view,0.209,28,ios,2026-03-20 02:13:38
INT00521,USR0127,BIZ0099,view,4.67,26,android,2026-03-13 09:17:57
INT00522,USR0132,BIZ0093,profile_view,2.626,61,ios,2026-01-30 11:16:01
INT00523,USR0049,BIZ0108,profile_view,1.873,166,ios,2026-02-20 04:46:15
INT00524,USR0190,BIZ0090,review_posted,4.661,195,android,2026-03-24 21:10:09
INT00525,USR0044,BIZ0092,inquiry_sent,4.218,117,android,2026-02-04 23:30:24
INT00526,USR0035,BIZ0069,saved_business,0.602,63,android,2026-03-03 19:32:06
INT00527,USR0029,BIZ0045,profile_view,0.138,60,ios,2026-02-25 03:28:00
INT00528,USR0076,BIZ0036,view,0.226,17,android,2026-04-22 07:02:38
INT00529,USR0165,BIZ0069,inquiry_sent,0.082,288,ios,2026-02-03 09:26:07
INT00530,USR0002,BIZ0084,view,2.66,5,ios,2026-04-19 08:03:58
INT00531,USR0048,BIZ0052,view,0.652,11,android,2026-03-17 20:05:27
INT00532,USR0040,BIZ0053,review_posted,0.334,228,ios,2026-02-18 13:36:29
INT00533,USR0102,BIZ0049,search_click,0.659,44,ios,2026-02-08 00:01:24
INT00534,USR0113,BIZ0089,search_click,0.412,57,ios,2026-01-29 17:47:32
INT00535,USR0182,BIZ0029,view,3.871,17,ios,2026-04-06 04:07:05
INT00536,USR0009,BIZ0023,view,4.934,26,ios,2026-02-08 21:50:01
INT00537,USR0126,BIZ0073,profile_view,2.496,113,ios,2026-03-15 09:15:24
INT00538,USR0190,BIZ0099,search_click,4.579,16,android,2026-02-09 13:40:09
INT00539,USR0089,BIZ0066,profile_view,4.764,117,ios,2026-04-27 02:20:58
INT00540,USR0189,BIZ0002,search_click,4.682,15,ios,2026-02-20 12:22:35
INT00541,USR0040,BIZ0097,view,3.956,8,ios,2026-04-28 16:50:15
INT00542,USR0064,BIZ0091,search_click,4.22,60,android,2026-04-02 07:42:55
INT00543,USR0129,BIZ0083,view,4.663,25,android,2026-02-18 20:42:44
INT00544,USR0034,BIZ0052,view,2.495,9,ios,2026-01-30 19:23:27
INT00545,USR0052,BIZ0011,view,4.101,14,android,2026-02-18 04:16:36
INT00546,USR0110,BIZ0062,search_click,3.843,29,android,2026-02-22 10:48:50
INT00547,USR0072,BIZ0111,profile_view,4.513,42,android,2026-02-01 21:33:46
INT00548,USR0014,BIZ0090,view,2.394,13,android,2026-03-09 00:00:09
INT00549,USR0065,BIZ0112,search_click,0.689,16,android,2026-03-31 16:26:21
INT00550,USR0198,BIZ0101,view,4.102,16,ios,2026-02-19 15:52:01
INT00551,USR0071,BIZ0032,search_click,4.491,18,android,2026-02-01 21:53:11
INT00552,USR0168,BIZ0099,view,2.988,8,android,2026-04-23 23:34:09
INT00553,USR0159,BIZ0046,profile_view,2.145,81,android,2026-02-02 03:52:27
INT00554,USR0050,BIZ0054,profile_view,0.06,173,ios,2026-04-19 18:15:16
INT00555,USR0115,BIZ0087,view,4.262,20,ios,2026-03-17 08:34:11
INT00556,USR0129,BIZ0099,view,0.173,9,ios,2026-02-02 07:24:14
INT00557,USR0145,BIZ0007,saved_business,3.598,65,ios,2026-03-31 20:10:55
INT00558,USR0132,BIZ0115,view,0.242,17,ios,2026-03-06 07:04:34
INT00559,USR0070,BIZ0031,view,5.011,23,android,2026-04-18 08:13:01
INT00560,USR0132,BIZ0059,profile_view,4.052,107,android,2026-02-24 21:23:16
INT00561,USR0069,BIZ0074,view,4.144,12,ios,2026-02-01 17:40:41
INT00562,USR0038,BIZ0111,view,4.967,30,android,2026-03-28 00:51:17
INT00563,USR0064,BIZ0118,view,4.193,25,ios,2026-03-27 03:50:14
INT00564,USR0095,BIZ0044,review_posted,0.541,127,android,2026-03-06 23:15:46
INT00565,USR0157,BIZ0038,saved_business,4.862,16,ios,2026-02-17 22:53:10
INT00566,USR0072,BIZ0025,saved_business,4.219,89,android,2026-04-04 06:03:47
INT00567,USR0177,BIZ0049,profile_view,2.46,171,android,2026-04-12 17:37:55
INT00568,USR0057,BIZ0044,view,4.159,29,ios,2026-02-12 05:25:40
INT00569,USR0060,BIZ0097,search_click,0.041,40,android,2026-03-14 20:31:06
INT00570,USR0118,BIZ0027,inquiry_sent,0.578,185,android,2026-03-28 11:58:52
INT00571,USR0006,BIZ0041,inquiry_sent,4.648,235,android,2026-02-04 11:15:47
INT00572,USR0019,BIZ0056,search_click,4.921,35,android,2026-04-04 09:44:43
INT00573,USR0036,BIZ0097,inquiry_sent,0.474,156,ios,2026-01-31 01:59:19
INT00574,USR0004,BIZ0099,profile_view,4.718,93,android,2026-02-22 07:22:49
INT00575,USR0161,BIZ0080,profile_view,4.687,57,ios,2026-04-15 23:07:04
INT00576,USR0022,BIZ0030,search_click,0.534,38,android,2026-02-25 21:11:38
INT00577,USR0123,BIZ0022,view,0.419,25,android,2026-01-31 03:03:05
INT00578,USR0012,BIZ0014,view,0.735,18,android,2026-01-29 07:51:24
INT00579,USR0058,BIZ0002,search_click,4.05,51,ios,2026-02-18 13:09:09
INT00580,USR0176,BIZ0049,inquiry_sent,0.949,88,ios,2026-02-13 11:29:23
INT00581,USR0029,BIZ0034,saved_business,2.438,24,ios,2026-02-08 20:52:49
INT00582,USR0022,BIZ0107,profile_view,4.538,165,ios,2026-03-24 04:24:11
INT00583,USR0174,BIZ0056,inquiry_sent,5.182,219,ios,2026-03-01 13:45:19
INT00584,USR0027,BIZ0037,search_click,2.549,26,android,2026-04-10 05:10:17
INT00585,USR0039,BIZ0099,view,2.727,19,ios,2026-04-12 12:53:09
INT00586,USR0029,BIZ0077,saved_business,5.336,26,ios,2026-04-28 17:56:57
INT00587,USR0047,BIZ0099,search_click,2.58,40,ios,2026-03-24 09:00:27
INT00588,USR0163,BIZ0045,inquiry_sent,4.674,122,ios,2026-03-07 21:32:49
INT00589,USR0128,BIZ0072,search_click,5.255,24,ios,2026-02-05 17:51:23
INT00590,USR0184,BIZ0055,search_click,0.63,57,android,2026-04-02 11:55:26
INT00591,USR0061,BIZ0048,view,4.749,16,ios,2026-04-25 09:41:32
INT00592,USR0029,BIZ0007,view,2.482,29,android,2026-02-24 17:47:18
INT00593,USR0037,BIZ0099,search_click,3.05,36,android,2026-02-17 04:26:06
INT00594,USR0058,BIZ0007,view,0.385,27,android,2026-03-04 04:33:27
INT00595,USR0007,BIZ0095,search_click,3.675,16,android,2026-03-13 03:11:16
INT00596,USR0153,BIZ0103,view,4.367,7,android,2026-02-05 03:42:12
INT00597,USR0146,BIZ0099,search_click,5.407,40,android,2026-04-06 13:09:13
INT00598,USR0179,BIZ0112,search_click,0.661,38,android,2026-02-24 00:39:48
INT00599,USR0040,BIZ0007,profile_view,3.474,74,android,2026-01-30 04:42:58
INT00600,USR0109,BIZ0092,inquiry_sent,4.774,272,ios,2026-04-21 22:36:24
INT00601,USR0129,BIZ0040,view,2.892,13,android,2026-03-17 03:41:04
INT00602,USR0033,BIZ0097,search_click,0.143,35,android,2026-04-13 05:51:11
INT00603,USR0144,BIZ0082,view,3.897,20,ios,2026-03-28 23:04:27
INT00604,USR0104,BIZ0099,view,0.287,25,ios,2026-02-15 17:51:37
INT00605,USR0028,BIZ0014,search_click,3.915,31,android,2026-02-19 18:37:37
INT00606,USR0042,BIZ0072,view,0.314,29,ios,2026-02-15 02:46:08
INT00607,USR0052,BIZ0088,view,3.167,23,android,2026-03-20 22:55:09
INT00608,USR0124,BIZ0005,view,0.354,5,ios,2026-04-06 20:52:11
INT00609,USR0102,BIZ0066,view,2.624,16,android,2026-04-02 10:58:51
INT00610,USR0025,BIZ0045,inquiry_sent,5.012,188,android,2026-01-31 08:24:09
INT00611,USR0098,BIZ0062,inquiry_sent,0.389,101,android,2026-03-31 15:10:12
INT00612,USR0021,BIZ0104,view,0.688,11,android,2026-04-08 09:54:21
INT00613,USR0042,BIZ0119,search_click,5.293,48,ios,2026-03-10 11:47:58
INT00614,USR0034,BIZ0046,search_click,2.507,37,android,2026-04-19 09:06:39
INT00615,USR0199,BIZ0093,view,4.681,24,android,2026-04-25 10:33:22
INT00616,USR0146,BIZ0087,search_click,4.896,19,ios,2026-03-19 11:03:22
INT00617,USR0023,BIZ0066,search_click,4.529,28,android,2026-02-04 08:28:19
INT00618,USR0148,BIZ0048,view,2.529,29,ios,2026-02-21 10:24:05
INT00619,USR0122,BIZ0116,profile_view,5.01,65,android,2026-04-26 16:04:21
INT00620,USR0125,BIZ0005,inquiry_sent,0.299,279,android,2026-03-09 21:25:48
INT00621,USR0132,BIZ0099,saved_business,2.856,67,ios,2026-02-21 20:56:58
INT00622,USR0175,BIZ0005,saved_business,0.229,46,android,2026-02-12 03:05:48
INT00623,USR0027,BIZ0038,view,4.713,7,android,2026-03-05 03:48:14
INT00624,USR0119,BIZ0092,view,1.032,22,ios,2026-02-08 00:56:22
INT00625,USR0047,BIZ0097,review_posted,0.234,170,android,2026-03-06 08:31:35
INT00626,USR0017,BIZ0043,saved_business,2.733,75,android,2026-02-23 06:31:57
INT00627,USR0010,BIZ0073,review_posted,2.453,114,ios,2026-03-21 08:34:06
INT00628,USR0154,BIZ0099,view,3.107,30,ios,2026-04-27 06:56:01
INT00629,USR0055,BIZ0007,inquiry_sent,3.693,235,ios,2026-02-22 12:06:51
INT00630,USR0163,BIZ0025,view,3.953,7,ios,2026-04-17 20:35:53
INT00631,USR0116,BIZ0103,search_click,0.245,26,android,2026-04-13 23:13:42
INT00632,USR0024,BIZ0107,search_click,4.311,29,android,2026-02-16 02:13:47
INT00633,USR0108,BIZ0062,search_click,0.231,54,ios,2026-03-02 03:22:40
INT00634,USR0178,BIZ0076,inquiry_sent,0.309,288,android,2026-02-05 05:18:33
INT00635,USR0171,BIZ0077,view,0.063,28,ios,2026-01-30 11:53:08
INT00636,USR0118,BIZ0110,search_click,4.453,60,ios,2026-02-21 20:53:46
INT00637,USR0185,BIZ0001,search_click,2.714,18,ios,2026-03-27 17:18:06
INT00638,USR0149,BIZ0013,view,0.904,18,android,2026-03-24 07:16:48
INT00639,USR0056,BIZ0046,saved_business,2.146,88,android,2026-03-03 12:59:46
INT00640,USR0094,BIZ0002,inquiry_sent,4.634,282,android,2026-04-02 03:46:02
INT00641,USR0167,BIZ0120,search_click,3.176,44,ios,2026-03-17 07:17:21
INT00642,USR0196,BIZ0045,review_posted,4.73,155,android,2026-03-19 23:11:24
INT00643,USR0042,BIZ0072,search_click,0.314,54,ios,2026-03-27 06:54:50
INT00644,USR0180,BIZ0085,review_posted,3.842,82,android,2026-02-06 06:51:37
INT00645,USR0005,BIZ0084,search_click,0.209,58,android,2026-03-27 05:39:24
INT00646,USR0129,BIZ0078,view,0.084,18,android,2026-02-18 06:39:42
INT00647,USR0117,BIZ0073,view,4.081,8,ios,2026-04-26 07:17:35
INT00648,USR0119,BIZ0053,inquiry_sent,0.725,249,ios,2026-01-29 21:40:10
INT00649,USR0096,BIZ0099,search_click,5.159,52,ios,2026-02-25 21:13:09
INT00650,USR0107,BIZ0092,view,0.524,6,android,2026-01-31 13:56:07
INT00651,USR0096,BIZ0099,search_click,5.159,30,ios,2026-02-13 13:19:46
INT00652,USR0147,BIZ0119,view,0.56,11,ios,2026-04-13 18:54:36
INT00653,USR0148,BIZ0056,review_posted,4.787,104,ios,2026-04-20 14:15:09
INT00654,USR0133,BIZ0023,view,0.618,9,android,2026-03-27 01:09:18
INT00655,USR0101,BIZ0099,profile_view,0.608,171,android,2026-04-24 14:26:06
INT00656,USR0053,BIZ0012,view,4.802,29,android,2026-01-31 17:19:47
INT00657,USR0182,BIZ0073,saved_business,0.052,18,android,2026-04-27 17:25:01
INT00658,USR0163,BIZ0087,search_click,4.198,24,ios,2026-02-15 15:54:46
INT00659,USR0063,BIZ0097,inquiry_sent,0.783,126,android,2026-02-22 23:09:59
INT00660,USR0037,BIZ0087,profile_view,2.663,56,android,2026-03-11 12:57:29
INT00661,USR0153,BIZ0016,view,4.871,10,android,2026-02-05 04:23:10
INT00662,USR0093,BIZ0108,view,0.342,30,android,2026-03-07 10:55:54
INT00663,USR0125,BIZ0113,view,0.133,17,ios,2026-03-27 05:42:51
INT00664,USR0116,BIZ0099,view,2.578,10,android,2026-02-08 18:24:35
INT00665,USR0088,BIZ0119,search_click,5.086,44,android,2026-02-12 11:21:39
INT00666,USR0190,BIZ0035,view,0.375,22,android,2026-03-16 20:06:41
INT00667,USR0195,BIZ0021,inquiry_sent,2.775,115,android,2026-02-27 16:43:41
INT00668,USR0057,BIZ0010,profile_view,2.427,100,ios,2026-02-16 03:35:43
INT00669,USR0024,BIZ0046,search_click,0.267,57,ios,2026-03-09 11:08:10
INT00670,USR0103,BIZ0109,view,4.689,27,ios,2026-04-25 18:53:03
INT00671,USR0027,BIZ0078,profile_view,0.437,82,ios,2026-03-09 05:32:28
INT00672,USR0115,BIZ0056,profile_view,0.551,57,ios,2026-03-08 20:33:30
INT00673,USR0146,BIZ0046,inquiry_sent,5.0,175,android,2026-04-19 06:27:13
INT00674,USR0131,BIZ0035,search_click,4.053,51,ios,2026-03-06 01:35:05
INT00675,USR0030,BIZ0026,view,0.137,16,android,2026-02-04 18:08:43
INT00676,USR0169,BIZ0049,view,2.669,5,ios,2026-04-01 03:57:14
INT00677,USR0184,BIZ0045,search_click,2.187,24,android,2026-03-04 22:07:07
INT00678,USR0155,BIZ0032,view,4.845,27,android,2026-03-21 20:58:15
INT00679,USR0166,BIZ0055,profile_view,0.467,111,android,2026-02-15 23:01:43
INT00680,USR0127,BIZ0066,saved_business,4.518,30,ios,2026-02-13 14:54:15
INT00681,USR0084,BIZ0079,view,4.22,5,android,2026-04-21 06:23:29
INT00682,USR0073,BIZ0018,saved_business,5.422,83,android,2026-02-28 14:00:16
INT00683,USR0005,BIZ0008,view,4.505,28,ios,2026-02-22 22:32:14
INT00684,USR0193,BIZ0046,view,4.789,20,android,2026-03-05 14:49:47
INT00685,USR0179,BIZ0117,search_click,3.126,17,ios,2026-04-23 14:40:57
INT00686,USR0027,BIZ0003,view,0.059,8,ios,2026-04-16 17:50:31
INT00687,USR0186,BIZ0058,view,4.497,30,ios,2026-04-12 16:07:16
INT00688,USR0138,BIZ0118,review_posted,4.252,126,android,2026-02-08 04:34:41
INT00689,USR0078,BIZ0008,view,4.145,30,ios,2026-02-22 12:15:08
INT00690,USR0044,BIZ0110,search_click,4.338,30,android,2026-04-06 23:47:51
INT00691,USR0106,BIZ0088,profile_view,0.711,91,ios,2026-03-29 17:35:00
INT00692,USR0072,BIZ0044,profile_view,0.495,97,ios,2026-04-03 05:49:34
INT00693,USR0091,BIZ0075,inquiry_sent,4.429,248,android,2026-04-01 18:22:00
INT00694,USR0020,BIZ0115,view,3.086,11,ios,2026-04-12 21:13:37
INT00695,USR0049,BIZ0064,view,0.43,29,ios,2026-04-07 15:53:46
INT00696,USR0080,BIZ0097,profile_view,2.548,57,android,2026-02-17 21:49:03
INT00697,USR0094,BIZ0049,search_click,0.776,22,ios,2026-02-15 03:13:18
INT00698,USR0072,BIZ0055,profile_view,4.888,177,android,2026-02-11 11:23:17
INT00699,USR0028,BIZ0097,view,0.379,10,ios,2026-01-31 18:59:19
INT00700,USR0170,BIZ0072,search_click,0.308,45,android,2026-03-02 02:48:15
INT00701,USR0055,BIZ0021,search_click,5.043,13,ios,2026-02-22 18:02:03
INT00702,USR0026,BIZ0006,search_click,2.285,22,ios,2026-02-15 06:27:12
INT00703,USR0046,BIZ0079,search_click,0.439,37,android,2026-03-31 12:32:56
INT00704,USR0166,BIZ0034,view,0.449,6,ios,2026-02-19 16:58:45
INT00705,USR0137,BIZ0014,view,3.59,27,ios,2026-03-05 11:45:49
INT00706,USR0026,BIZ0033,inquiry_sent,2.525,186,android,2026-02-13 14:39:55
INT00707,USR0053,BIZ0046,view,4.239,28,android,2026-02-06 16:48:22
INT00708,USR0129,BIZ0108,profile_view,0.452,91,android,2026-02-26 13:53:07
INT00709,USR0018,BIZ0024,view,2.768,5,ios,2026-03-08 17:33:18
INT00710,USR0006,BIZ0026,view,4.915,26,android,2026-03-23 16:17:36
INT00711,USR0122,BIZ0078,search_click,0.158,17,android,2026-04-12 22:07:24
INT00712,USR0146,BIZ0092,view,0.789,21,android,2026-04-07 04:01:34
INT00713,USR0199,BIZ0012,view,4.823,19,ios,2026-04-05 08:26:34
INT00714,USR0140,BIZ0035,search_click,4.097,10,ios,2026-02-25 07:41:30
INT00715,USR0086,BIZ0106,profile_view,4.399,153,android,2026-02-22 12:18:26
INT00716,USR0133,BIZ0097,view,4.074,12,android,2026-03-02 08:46:56
INT00717,USR0008,BIZ0034,profile_view,3.781,122,android,2026-04-06 05:04:15
INT00718,USR0050,BIZ0109,search_click,2.346,27,ios,2026-04-28 01:52:43
INT00719,USR0135,BIZ0025,review_posted,3.976,144,ios,2026-03-23 05:48:06
INT00720,USR0071,BIZ0041,view,4.589,15,android,2026-03-09 05:30:54
INT00721,USR0117,BIZ0076,profile_view,4.277,58,android,2026-03-15 02:55:29
INT00722,USR0176,BIZ0021,profile_view,2.578,104,android,2026-02-25 13:07:00
INT00723,USR0074,BIZ0008,view,4.886,11,ios,2026-04-13 12:15:32
INT00724,USR0032,BIZ0006,view,0.272,26,android,2026-02-02 17:01:50
INT00725,USR0036,BIZ0046,view,0.303,26,android,2026-04-25 01:12:09
INT00726,USR0183,BIZ0037,saved_business,2.484,89,android,2026-02-24 09:22:29
INT00727,USR0009,BIZ0062,search_click,4.457,50,ios,2026-03-08 05:58:44
INT00728,USR0026,BIZ0106,review_posted,0.186,104,ios,2026-03-31 07:42:59
INT00729,USR0083,BIZ0099,view,0.464,13,android,2026-03-07 16:28:37
INT00730,USR0052,BIZ0039,view,0.423,25,ios,2026-03-19 08:14:11
INT00731,USR0097,BIZ0099,inquiry_sent,0.144,194,ios,2026-04-01 16:34:13
INT00732,USR0129,BIZ0110,profile_view,4.801,139,ios,2026-03-08 01:32:04
INT00733,USR0106,BIZ0059,review_posted,4.742,167,android,2026-04-07 05:53:32
INT00734,USR0158,BIZ0108,profile_view,4.894,125,android,2026-03-26 02:21:51
INT00735,USR0145,BIZ0103,view,4.084,9,ios,2026-03-30 12:36:48
INT00736,USR0119,BIZ0099,inquiry_sent,5.411,73,android,2026-02-03 03:22:43
INT00737,USR0167,BIZ0014,search_click,3.895,46,ios,2026-04-01 08:55:23
INT00738,USR0016,BIZ0016,search_click,0.358,55,android,2026-04-02 08:38:21
INT00739,USR0133,BIZ0021,profile_view,4.748,87,android,2026-02-25 07:10:10
INT00740,USR0080,BIZ0097,review_posted,2.548,219,android,2026-02-08 13:00:48
INT00741,USR0001,BIZ0021,inquiry_sent,2.404,123,android,2026-02-07 13:02:00
INT00742,USR0007,BIZ0099,search_click,2.821,17,ios,2026-03-06 15:05:10
INT00743,USR0048,BIZ0099,inquiry_sent,2.728,270,ios,2026-04-16 13:21:37
INT00744,USR0158,BIZ0016,view,4.967,9,android,2026-02-13 14:07:02
INT00745,USR0190,BIZ0095,view,0.462,14,android,2026-04-25 12:52:47
INT00746,USR0127,BIZ0048,view,4.617,30,android,2026-03-11 23:24:14
INT00747,USR0109,BIZ0021,view,0.535,17,android,2026-03-22 11:12:16
INT00748,USR0009,BIZ0088,inquiry_sent,2.78,70,ios,2026-04-25 20:52:58
INT00749,USR0120,BIZ0104,search_click,0.669,20,ios,2026-03-15 06:37:16
INT00750,USR0129,BIZ0032,review_posted,4.851,191,android,2026-02-13 22:09:20
INT00751,USR0039,BIZ0046,profile_view,0.623,65,ios,2026-04-09 20:45:28
INT00752,USR0169,BIZ0040,search_click,3.004,51,ios,2026-03-04 02:31:53
INT00753,USR0121,BIZ0082,view,0.473,21,ios,2026-02-09 20:47:37
INT00754,USR0083,BIZ0078,search_click,0.478,35,android,2026-02-02 06:17:21
INT00755,USR0188,BIZ0023,view,0.144,26,ios,2026-02-27 08:20:47
INT00756,USR0060,BIZ0116,inquiry_sent,4.428,120,android,2026-04-20 04:47:53
INT00757,USR0045,BIZ0097,search_click,3.981,14,android,2026-03-25 06:57:15
INT00758,USR0030,BIZ0004,profile_view,4.774,125,android,2026-04-22 08:06:43
INT00759,USR0083,BIZ0014,search_click,4.298,50,android,2026-02-15 19:59:35
INT00760,USR0126,BIZ0058,view,2.416,10,ios,2026-04-12 11:07:54
INT00761,USR0050,BIZ0010,view,2.61,8,android,2026-02-01 05:02:20
INT00762,USR0036,BIZ0106,search_click,0.261,44,android,2026-02-28 21:10:43
INT00763,USR0175,BIZ0097,review_posted,4.175,187,android,2026-04-14 03:13:57
INT00764,USR0147,BIZ0099,search_click,4.672,45,android,2026-04-11 08:41:22
INT00765,USR0113,BIZ0056,search_click,0.306,15,android,2026-04-09 15:11:56
INT00766,USR0077,BIZ0014,search_click,0.224,44,ios,2026-01-31 05:56:02
INT00767,USR0075,BIZ0109,view,4.253,7,android,2026-04-26 08:22:13
INT00768,USR0020,BIZ0072,view,0.186,24,ios,2026-03-06 03:33:24
INT00769,USR0015,BIZ0073,inquiry_sent,2.469,299,ios,2026-03-29 00:13:24
INT00770,USR0009,BIZ0045,view,0.327,29,android,2026-02-10 18:06:20
INT00771,USR0141,BIZ0099,view,2.771,6,android,2026-03-14 15:19:17
INT00772,USR0145,BIZ0107,profile_view,0.557,39,ios,2026-04-27 12:19:24
INT00773,USR0107,BIZ0080,profile_view,0.255,171,ios,2026-04-24 09:53:59
INT00774,USR0070,BIZ0097,view,4.739,12,ios,2026-03-09 01:18:57
INT00775,USR0078,BIZ0099,inquiry_sent,3.301,298,android,2026-01-31 14:09:59
INT00776,USR0051,BIZ0072,inquiry_sent,4.847,248,android,2026-03-19 22:38:01
INT00777,USR0014,BIZ0049,search_click,0.437,54,ios,2026-03-19 16:15:33
INT00778,USR0030,BIZ0058,inquiry_sent,4.128,154,ios,2026-02-15 15:31:01
INT00779,USR0112,BIZ0108,view,4.212,5,android,2026-03-07 09:27:49
INT00780,USR0193,BIZ0105,profile_view,5.321,33,android,2026-04-12 08:30:20
INT00781,USR0020,BIZ0007,search_click,2.83,30,ios,2026-03-24 10:27:39
INT00782,USR0063,BIZ0120,view,3.16,26,android,2026-03-29 07:28:38
INT00783,USR0020,BIZ0034,search_click,2.799,57,ios,2026-04-20 00:08:42
INT00784,USR0057,BIZ0058,view,2.255,22,ios,2026-04-17 10:13:10
INT00785,USR0063,BIZ0071,view,4.128,21,android,2026-02-03 01:52:37
INT00786,USR0106,BIZ0097,profile_view,0.673,82,android,2026-04-14 22:43:16
INT00787,USR0134,BIZ0034,profile_view,0.273,125,android,2026-02-01 10:42:59
INT00788,USR0061,BIZ0095,profile_view,0.338,59,android,2026-03-15 02:52:57
INT00789,USR0009,BIZ0037,search_click,2.245,15,android,2026-02-23 08:04:55
INT00790,USR0157,BIZ0049,view,0.702,19,android,2026-02-18 10:03:03
INT00791,USR0098,BIZ0027,search_click,5.415,29,android,2026-03-18 22:59:18
INT00792,USR0090,BIZ0110,review_posted,4.973,146,ios,2026-04-12 03:22:07
INT00793,USR0152,BIZ0033,view,0.314,24,ios,2026-04-17 03:14:44
INT00794,USR0187,BIZ0110,profile_view,0.073,171,ios,2026-04-24 22:35:07
INT00795,USR0174,BIZ0038,saved_business,5.05,69,ios,2026-02-12 20:20:52
INT00796,USR0098,BIZ0061,saved_business,4.677,16,ios,2026-04-11 04:21:16
INT00797,USR0071,BIZ0010,view,2.817,15,ios,2026-02-01 16:37:54
INT00798,USR0071,BIZ0048,profile_view,0.483,33,android,2026-02-25 20:08:09
INT00799,USR0170,BIZ0044,view,4.535,19,android,2026-03-09 19:26:47
INT00800,USR0120,BIZ0004,search_click,4.817,45,android,2026-03-06 23:50:30
INT00801,USR0149,BIZ0110,view,3.98,15,android,2026-03-09 20:35:30
INT00802,USR0067,BIZ0099,view,5.34,9,android,2026-03-26 22:46:22
INT00803,USR0038,BIZ0103,profile_view,4.818,39,android,2026-03-31 19:38:08
INT00804,USR0113,BIZ0078,view,5.036,6,ios,2026-04-26 23:51:08
INT00805,USR0005,BIZ0092,inquiry_sent,4.375,243,android,2026-03-24 06:29:33
INT00806,USR0090,BIZ0014,search_click,4.931,14,android,2026-02-16 13:58:22
INT00807,USR0147,BIZ0049,inquiry_sent,3.649,224,ios,2026-04-18 01:05:06
INT00808,USR0037,BIZ0002,profile_view,4.734,134,ios,2026-03-12 13:55:19
INT00809,USR0076,BIZ0086,view,4.989,9,android,2026-02-07 18:42:13
INT00810,USR0055,BIZ0099,search_click,5.035,42,ios,2026-04-23 19:30:44
INT00811,USR0097,BIZ0099,view,0.144,17,android,2026-04-25 04:25:47
INT00812,USR0058,BIZ0076,saved_business,0.333,68,android,2026-04-15 12:02:51
INT00813,USR0136,BIZ0099,profile_view,2.932,163,ios,2026-02-26 17:49:53
INT00814,USR0050,BIZ0099,view,0.378,12,ios,2026-02-18 23:57:58
INT00815,USR0081,BIZ0097,view,0.706,28,ios,2026-03-02 18:54:20
INT00816,USR0091,BIZ0076,view,3.99,20,android,2026-03-10 15:00:47
INT00817,USR0108,BIZ0034,inquiry_sent,4.232,296,android,2026-04-09 02:22:14
INT00818,USR0105,BIZ0092,profile_view,4.101,103,ios,2026-02-26 11:08:46
INT00819,USR0021,BIZ0053,search_click,0.468,41,android,2026-04-20 04:58:00
INT00820,USR0117,BIZ0002,view,0.272,22,ios,2026-04-06 01:48:25
INT00821,USR0033,BIZ0103,inquiry_sent,0.37,102,android,2026-02-10 03:10:42
INT00822,USR0136,BIZ0108,review_posted,2.425,162,android,2026-04-03 07:07:36
INT00823,USR0031,BIZ0045,inquiry_sent,4.821,215,android,2026-04-28 16:34:19
INT00824,USR0012,BIZ0008,review_posted,0.384,164,ios,2026-04-05 21:08:56
INT00825,USR0112,BIZ0038,search_click,0.644,21,android,2026-02-11 22:06:58
INT00826,USR0002,BIZ0079,search_click,0.601,34,ios,2026-03-09 16:35:25
INT00827,USR0131,BIZ0097,view,0.404,12,ios,2026-03-14 14:45:22
INT00828,USR0013,BIZ0076,inquiry_sent,0.143,276,ios,2026-02-23 21:23:52
INT00829,USR0099,BIZ0043,view,2.487,28,android,2026-03-08 23:12:13
INT00830,USR0072,BIZ0077,profile_view,0.404,102,android,2026-02-08 21:18:45
INT00831,USR0071,BIZ0063,view,0.163,13,android,2026-04-22 10:11:47
INT00832,USR0171,BIZ0038,view,0.349,21,android,2026-01-31 16:19:07
INT00833,USR0011,BIZ0113,search_click,0.246,10,ios,2026-04-14 03:27:07
INT00834,USR0007,BIZ0048,view,2.529,18,ios,2026-03-17 02:22:23
INT00835,USR0117,BIZ0038,view,0.493,8,ios,2026-04-19 05:13:21
INT00836,USR0127,BIZ0036,inquiry_sent,4.442,247,android,2026-04-26 09:04:18
INT00837,USR0021,BIZ0097,view,4.193,10,ios,2026-02-23 01:38:08
INT00838,USR0162,BIZ0097,profile_view,2.44,110,android,2026-03-09 05:20:17
INT00839,USR0181,BIZ0099,view,4.786,26,android,2026-04-24 15:28:36
INT00840,USR0161,BIZ0002,view,4.339,12,android,2026-02-22 02:15:36
INT00841,USR0039,BIZ0063,view,2.604,9,android,2026-03-27 08:21:05
INT00842,USR0023,BIZ0112,inquiry_sent,4.033,60,ios,2026-02-04 06:31:36
INT00843,USR0143,BIZ0083,profile_view,4.178,97,ios,2026-03-27 00:15:33
INT00844,USR0061,BIZ0088,search_click,4.038,21,ios,2026-04-14 21:08:12
INT00845,USR0075,BIZ0092,search_click,0.644,48,ios,2026-03-19 03:00:54
INT00846,USR0076,BIZ0013,view,2.895,29,ios,2026-03-07 23:33:55
INT00847,USR0115,BIZ0045,profile_view,4.74,148,ios,2026-03-29 16:09:58
INT00848,USR0089,BIZ0095,profile_view,0.085,153,ios,2026-03-24 07:31:45
INT00849,USR0176,BIZ0034,view,0.487,30,ios,2026-02-03 16:34:38
INT00850,USR0198,BIZ0044,profile_view,3.78,143,ios,2026-03-06 02:23:24
INT00851,USR0014,BIZ0037,profile_view,0.295,41,ios,2026-03-10 12:08:12
INT00852,USR0057,BIZ0076,view,2.606,25,android,2026-04-24 12:39:30
INT00853,USR0158,BIZ0083,view,0.855,28,android,2026-04-11 10:27:15
INT00854,USR0024,BIZ0099,view,2.782,29,android,2026-03-29 03:53:40
INT00855,USR0133,BIZ0032,search_click,0.168,44,ios,2026-04-16 14:14:37
INT00856,USR0059,BIZ0038,view,0.245,18,android,2026-03-19 23:37:00
INT00857,USR0064,BIZ0111,view,4.508,21,android,2026-03-15 08:28:51
INT00858,USR0125,BIZ0005,view,0.299,25,android,2026-02-01 06:12:10
INT00859,USR0192,BIZ0017,profile_view,0.19,63,ios,2026-04-16 19:07:37
INT00860,USR0020,BIZ0008,profile_view,4.9,136,android,2026-01-30 13:05:04
INT00861,USR0139,BIZ0082,view,2.866,30,ios,2026-02-15 16:53:45
INT00862,USR0156,BIZ0100,profile_view,3.779,35,ios,2026-02-22 21:11:23
INT00863,USR0052,BIZ0013,saved_business,3.023,63,ios,2026-03-08 21:02:13
INT00864,USR0057,BIZ0115,search_click,2.488,54,android,2026-03-04 15:14:39
INT00865,USR0128,BIZ0097,saved_business,4.143,28,ios,2026-02-18 09:12:49
INT00866,USR0007,BIZ0051,view,2.56,23,android,2026-03-28 01:43:49
INT00867,USR0086,BIZ0021,profile_view,5.33,173,android,2026-02-16 21:50:06
INT00868,USR0126,BIZ0079,view,2.586,20,android,2026-02-03 12:32:15
INT00869,USR0127,BIZ0035,view,0.434,9,android,2026-02-27 03:33:33
INT00870,USR0145,BIZ0080,inquiry_sent,0.772,113,ios,2026-03-19 07:42:50
INT00871,USR0081,BIZ0113,view,4.784,20,android,2026-04-22 03:06:00
INT00872,USR0109,BIZ0095,search_click,5.164,20,android,2026-02-13 04:13:40
INT00873,USR0113,BIZ0103,view,4.249,20,android,2026-03-26 13:45:30
INT00874,USR0135,BIZ0063,profile_view,4.728,132,android,2026-02-24 22:13:28
INT00875,USR0112,BIZ0120,profile_view,4.395,99,ios,2026-03-25 13:51:34
INT00876,USR0096,BIZ0076,view,4.464,26,android,2026-04-11 11:19:12
INT00877,USR0183,BIZ0049,profile_view,2.522,83,ios,2026-04-22 15:44:03
INT00878,USR0185,BIZ0120,review_posted,0.261,181,android,2026-02-26 19:26:54
INT00879,USR0046,BIZ0021,view,2.207,14,android,2026-02-16 03:39:37
INT00880,USR0025,BIZ0072,view,5.294,19,android,2026-02-04 05:28:11
INT00881,USR0163,BIZ0075,view,4.262,11,ios,2026-02-23 19:05:15
INT00882,USR0110,BIZ0078,view,2.635,17,ios,2026-03-20 17:14:41
INT00883,USR0165,BIZ0090,view,0.2,28,android,2026-02-23 10:00:40
INT00884,USR0068,BIZ0076,view,3.09,25,ios,2026-02-27 22:23:18
INT00885,USR0198,BIZ0099,profile_view,2.838,151,android,2026-02-13 08:20:13
INT00886,USR0060,BIZ0118,view,0.204,9,android,2026-02-13 01:15:00
INT00887,USR0001,BIZ0044,inquiry_sent,4.2,190,ios,2026-03-08 12:07:07
INT00888,USR0121,BIZ0045,search_click,2.68,45,ios,2026-03-04 04:13:51
INT00889,USR0099,BIZ0097,search_click,2.335,30,android,2026-04-18 17:08:21
INT00890,USR0055,BIZ0113,review_posted,0.409,96,ios,2026-03-20 15:53:30
INT00891,USR0126,BIZ0095,view,4.76,18,ios,2026-02-14 05:44:57
INT00892,USR0094,BIZ0099,profile_view,3.027,138,android,2026-03-25 17:54:23
INT00893,USR0049,BIZ0049,view,0.616,5,android,2026-03-10 00:08:11
INT00894,USR0135,BIZ0029,search_click,0.334,33,ios,2026-03-15 11:16:33
INT00895,USR0004,BIZ0082,view,4.222,20,ios,2026-02-02 04:06:14
INT00896,USR0179,BIZ0097,view,0.758,23,android,2026-04-16 21:43:21
INT00897,USR0121,BIZ0120,profile_view,2.861,151,android,2026-02-01 15:44:26
INT00898,USR0008,BIZ0083,profile_view,0.61,75,android,2026-02-05 16:08:36
INT00899,USR0031,BIZ0007,profile_view,3.71,54,ios,2026-04-27 17:23:37
INT00900,USR0050,BIZ0089,profile_view,5.036,111,android,2026-04-20 17:36:28
INT00901,USR0151,BIZ0097,search_click,2.129,52,ios,2026-03-07 16:37:13
INT00902,USR0171,BIZ0092,view,0.824,21,android,2026-04-04 19:47:22
INT00903,USR0022,BIZ0024,view,0.372,27,ios,2026-02-13 18:51:13
INT00904,USR0192,BIZ0099,review_posted,5.348,203,ios,2026-02-08 19:30:21
INT00905,USR0120,BIZ0076,profile_view,4.553,148,android,2026-02-08 16:22:03
INT00906,USR0024,BIZ0027,view,2.628,25,android,2026-04-08 05:21:47
INT00907,USR0003,BIZ0033,search_click,4.244,56,android,2026-02-25 22:03:07
INT00908,USR0175,BIZ0088,review_posted,4.037,93,ios,2026-02-03 00:26:47
INT00909,USR0181,BIZ0038,view,0.428,18,android,2026-04-14 09:26:13
INT00910,USR0070,BIZ0104,view,0.231,27,ios,2026-02-22 00:39:35
INT00911,USR0126,BIZ0047,search_click,5.04,43,ios,2026-04-13 20:57:45
INT00912,USR0176,BIZ0099,view,2.916,17,android,2026-03-18 15:12:42
INT00913,USR0054,BIZ0119,search_click,0.255,53,ios,2026-02-16 21:19:40
INT00914,USR0180,BIZ0115,search_click,3.75,27,android,2026-03-16 09:54:39
INT00915,USR0054,BIZ0035,search_click,0.172,17,android,2026-03-12 23:41:44
INT00916,USR0120,BIZ0078,search_click,5.348,47,android,2026-02-27 05:33:57
INT00917,USR0027,BIZ0087,inquiry_sent,0.276,167,ios,2026-02-28 08:13:16
INT00918,USR0166,BIZ0107,view,4.349,10,ios,2026-03-19 10:16:59
INT00919,USR0193,BIZ0002,inquiry_sent,0.22,207,ios,2026-04-05 00:06:17
INT00920,USR0122,BIZ0099,view,0.081,15,ios,2026-03-31 06:55:22
INT00921,USR0077,BIZ0005,review_posted,0.356,189,android,2026-03-08 02:34:19
INT00922,USR0199,BIZ0037,search_click,4.313,20,android,2026-04-22 05:31:34
INT00923,USR0153,BIZ0114,review_posted,5.267,205,android,2026-02-09 21:48:23
INT00924,USR0086,BIZ0099,view,5.326,30,android,2026-04-11 08:27:35
INT00925,USR0118,BIZ0051,search_click,0.416,22,android,2026-02-25 08:00:44
INT00926,USR0021,BIZ0027,inquiry_sent,5.258,245,android,2026-02-12 02:10:49
INT00927,USR0143,BIZ0099,search_click,2.483,32,android,2026-03-12 14:10:18
INT00928,USR0176,BIZ0050,view,4.872,17,ios,2026-04-02 18:41:11
INT00929,USR0196,BIZ0108,search_click,4.404,18,ios,2026-04-08 19:29:05
INT00930,USR0101,BIZ0072,view,0.868,23,android,2026-02-18 04:06:05
INT00931,USR0156,BIZ0026,view,0.63,21,android,2026-03-25 04:03:57
INT00932,USR0193,BIZ0051,view,4.843,20,android,2026-02-02 04:49:04
INT00933,USR0078,BIZ0058,view,0.6,18,android,2026-02-23 20:45:53
INT00934,USR0100,BIZ0092,search_click,3.81,36,android,2026-02-12 22:29:42
INT00935,USR0175,BIZ0070,view,3.745,16,android,2026-03-29 05:55:06
INT00936,USR0104,BIZ0099,view,0.287,23,ios,2026-03-31 23:38:50
INT00937,USR0003,BIZ0063,saved_business,4.394,21,ios,2026-03-08 11:12:06
INT00938,USR0190,BIZ0087,profile_view,4.052,145,ios,2026-04-09 12:12:36
INT00939,USR0183,BIZ0045,search_click,0.027,60,android,2026-04-27 11:37:44
INT00940,USR0137,BIZ0098,inquiry_sent,3.868,61,ios,2026-04-24 13:21:25
INT00941,USR0182,BIZ0078,view,2.739,28,ios,2026-03-09 08:36:02
INT00942,USR0119,BIZ0038,view,0.746,16,android,2026-04-19 05:50:26
INT00943,USR0176,BIZ0048,search_click,2.57,59,android,2026-03-19 01:34:44
INT00944,USR0046,BIZ0038,search_click,4.838,29,android,2026-03-23 20:07:29
INT00945,USR0092,BIZ0097,search_click,2.468,21,android,2026-03-18 08:48:37
INT00946,USR0033,BIZ0097,profile_view,0.143,100,ios,2026-04-26 16:26:39
INT00947,USR0177,BIZ0085,review_posted,2.862,194,ios,2026-02-01 21:01:36
INT00948,USR0084,BIZ0049,view,3.619,25,android,2026-03-04 14:10:28
INT00949,USR0186,BIZ0009,review_posted,5.487,168,ios,2026-01-31 05:35:26
INT00950,USR0192,BIZ0035,profile_view,0.424,140,android,2026-04-10 15:30:54
INT00951,USR0147,BIZ0035,view,0.285,30,android,2026-04-01 16:50:16
INT00952,USR0013,BIZ0049,search_click,0.56,37,ios,2026-04-06 10:28:52
INT00953,USR0200,BIZ0028,search_click,0.116,35,android,2026-03-31 06:10:19
INT00954,USR0070,BIZ0001,view,4.685,26,android,2026-02-22 22:44:33
INT00955,USR0119,BIZ0080,saved_business,0.475,43,android,2026-01-30 20:16:47
INT00956,USR0084,BIZ0034,profile_view,4.073,147,ios,2026-03-27 08:21:04
INT00957,USR0085,BIZ0072,search_click,3.143,31,ios,2026-02-26 23:40:15
INT00958,USR0114,BIZ0021,inquiry_sent,0.425,196,android,2026-03-30 18:53:31
INT00959,USR0066,BIZ0052,profile_view,0.403,50,ios,2026-03-20 17:42:21
INT00960,USR0089,BIZ0010,profile_view,3.926,107,ios,2026-04-06 19:05:40
INT00961,USR0116,BIZ0092,view,4.002,10,ios,2026-03-21 01:24:36
INT00962,USR0107,BIZ0120,view,4.926,22,ios,2026-04-28 06:57:06
INT00963,USR0097,BIZ0109,view,2.767,8,android,2026-03-05 20:03:42
INT00964,USR0055,BIZ0119,search_click,0.697,20,ios,2026-03-19 17:23:39
INT00965,USR0091,BIZ0097,search_click,4.007,30,ios,2026-03-26 22:38:16
INT00966,USR0171,BIZ0104,saved_business,0.423,55,ios,2026-02-18 11:27:24
INT00967,USR0104,BIZ0065,search_click,4.822,38,android,2026-04-22 08:53:21
INT00968,USR0046,BIZ0051,view,2.391,29,ios,2026-03-29 06:36:50
INT00969,USR0175,BIZ0108,search_click,4.592,36,ios,2026-02-15 05:12:44
INT00970,USR0008,BIZ0085,view,3.496,7,ios,2026-04-24 07:29:55
INT00971,USR0084,BIZ0083,view,0.649,26,android,2026-04-24 21:13:47
INT00972,USR0006,BIZ0097,inquiry_sent,0.412,201,android,2026-04-15 17:54:35
INT00973,USR0042,BIZ0059,profile_view,4.754,150,android,2026-02-27 06:19:36
INT00974,USR0076,BIZ0008,view,4.781,19,android,2026-03-31 17:58:19
INT00975,USR0114,BIZ0118,profile_view,2.299,158,android,2026-04-11 13:12:22
INT00976,USR0085,BIZ0103,review_posted,0.22,77,android,2026-04-06 14:14:12
INT00977,USR0175,BIZ0092,inquiry_sent,0.732,280,ios,2026-02-04 13:13:55
INT00978,USR0107,BIZ0113,inquiry_sent,0.419,243,android,2026-03-09 16:26:52
INT00979,USR0186,BIZ0007,inquiry_sent,4.392,245,android,2026-03-02 22:07:43
INT00980,USR0184,BIZ0110,profile_view,4.336,61,android,2026-02-11 08:34:02
INT00981,USR0068,BIZ0098,search_click,5.058,56,android,2026-03-03 04:48:20
INT00982,USR0169,BIZ0046,review_posted,2.52,113,ios,2026-02-06 23:02:02
INT00983,USR0165,BIZ0095,search_click,5.12,58,android,2026-04-07 08:19:13
INT00984,USR0088,BIZ0038,search_click,5.08,54,ios,2026-03-21 08:37:18
INT00985,USR0153,BIZ0004,view,4.598,5,android,2026-04-18 10:24:39
INT00986,USR0145,BIZ0048,view,4.58,10,ios,2026-03-12 23:51:27
INT00987,USR0113,BIZ0092,view,0.821,9,android,2026-03-24 21:19:59
INT00988,USR0099,BIZ0035,view,4.56,23,ios,2026-02-11 13:42:26
INT00989,USR0004,BIZ0035,profile_view,0.359,162,ios,2026-03-13 03:30:25
INT00990,USR0044,BIZ0115,profile_view,0.581,158,ios,2026-03-17 07:39:04
INT00991,USR0097,BIZ0102,search_click,0.302,43,ios,2026-02-14 00:04:44
INT00992,USR0098,BIZ0002,review_posted,0.49,139,android,2026-02-18 09:45:07
INT00993,USR0072,BIZ0082,profile_view,4.4,80,ios,2026-03-15 02:37:45
INT00994,USR0146,BIZ0108,review_posted,5.041,194,android,2026-04-05 22:37:06
INT00995,USR0094,BIZ0091,search_click,0.652,31,android,2026-02-22 15:37:31
INT00996,USR0137,BIZ0099,search_click,2.589,13,ios,2026-03-21 05:19:08
INT00997,USR0064,BIZ0034,profile_view,4.225,92,android,2026-04-01 06:51:33
INT00998,USR0117,BIZ0026,saved_business,0.37,50,android,2026-04-06 02:21:39
INT00999,USR0188,BIZ0099,view,5.157,21,ios,2026-02-03 16:42:39
INT01000,USR0059,BIZ0034,profile_view,4.46,55,android,2026-02-26 21:58:35
INT01001,USR0163,BIZ0008,search_click,0.133,40,android,2026-02-07 04:58:27
INT01002,USR0151,BIZ0033,search_click,0.38,47,ios,2026-04-16 17:18:10
INT01003,USR0029,BIZ0097,search_click,2.13,47,ios,2026-04-28 12:28:32
INT01004,USR0065,BIZ0097,profile_view,0.792,75,ios,2026-03-15 20:59:42
INT01005,USR0132,BIZ0038,profile_view,4.461,166,android,2026-02-28 22:06:35
INT01006,USR0174,BIZ0076,view,3.168,29,android,2026-03-14 02:24:58
INT01007,USR0082,BIZ0106,search_click,0.332,21,android,2026-04-07 15:47:17
INT01008,USR0173,BIZ0040,review_posted,0.055,223,android,2026-02-15 15:24:31
INT01009,USR0028,BIZ0099,view,2.827,15,ios,2026-02-07 11:32:36
INT01010,USR0077,BIZ0110,view,0.492,15,android,2026-02-15 11:45:18
INT01011,USR0102,BIZ0099,inquiry_sent,2.53,100,ios,2026-04-25 07:43:46
INT01012,USR0122,BIZ0088,profile_view,3.181,98,android,2026-04-23 04:11:04
INT01013,USR0121,BIZ0110,inquiry_sent,4.714,138,ios,2026-04-04 14:56:06
INT01014,USR0191,BIZ0042,view,2.74,29,ios,2026-01-29 17:29:42
INT01015,USR0104,BIZ0007,search_click,2.743,18,ios,2026-04-08 06:04:02
INT01016,USR0005,BIZ0099,view,0.398,13,ios,2026-04-14 03:33:14
INT01017,USR0007,BIZ0044,profile_view,3.475,173,android,2026-04-10 23:47:15
INT01018,USR0159,BIZ0067,inquiry_sent,2.498,122,android,2026-02-27 12:17:08
INT01019,USR0123,BIZ0111,search_click,2.429,12,ios,2026-04-01 02:53:32
INT01020,USR0181,BIZ0063,view,4.614,17,android,2026-02-07 08:21:09
INT01021,USR0164,BIZ0046,search_click,0.372,28,android,2026-03-12 16:25:07
INT01022,USR0192,BIZ0008,saved_business,0.578,34,android,2026-03-23 07:13:42
INT01023,USR0147,BIZ0029,view,0.106,23,ios,2026-03-20 07:39:33
INT01024,USR0075,BIZ0094,view,4.317,30,ios,2026-04-25 08:47:40
INT01025,USR0093,BIZ0107,search_click,4.53,21,ios,2026-03-12 08:49:38
INT01026,USR0118,BIZ0048,view,0.309,13,ios,2026-03-24 13:03:17
INT01027,USR0006,BIZ0020,profile_view,5.126,154,android,2026-04-14 01:39:33
INT01028,USR0016,BIZ0108,search_click,2.565,37,android,2026-04-25 14:23:06
INT01029,USR0084,BIZ0099,search_click,4.906,50,android,2026-04-05 07:37:09
INT01030,USR0145,BIZ0012,search_click,4.626,20,android,2026-03-21 20:55:15
INT01031,USR0120,BIZ0083,saved_business,0.925,70,ios,2026-03-12 03:11:13
INT01032,USR0190,BIZ0021,view,4.606,23,ios,2026-03-11 01:59:02
INT01033,USR0200,BIZ0095,inquiry_sent,4.031,65,ios,2026-03-21 22:40:34
INT01034,USR0002,BIZ0086,search_click,3.678,30,ios,2026-02-11 18:18:41
INT01035,USR0058,BIZ0078,profile_view,2.937,81,ios,2026-04-19 14:38:54
INT01036,USR0184,BIZ0102,view,2.296,11,ios,2026-02-14 13:28:10
INT01037,USR0007,BIZ0072,review_posted,3.067,92,ios,2026-04-25 03:18:33
INT01038,USR0084,BIZ0103,review_posted,4.085,111,ios,2026-02-12 21:56:47
INT01039,USR0070,BIZ0034,review_posted,4.759,66,android,2026-04-18 04:56:22
INT01040,USR0113,BIZ0016,review_posted,4.762,113,ios,2026-02-02 15:32:42
INT01041,USR0113,BIZ0051,view,4.608,8,android,2026-04-26 10:48:32
INT01042,USR0130,BIZ0108,profile_view,4.826,83,android,2026-04-23 21:08:42
INT01043,USR0190,BIZ0082,profile_view,3.884,78,android,2026-04-27 21:10:15
INT01044,USR0130,BIZ0048,view,5.179,19,android,2026-01-29 20:54:52
INT01045,USR0108,BIZ0052,inquiry_sent,4.513,139,android,2026-03-09 07:00:14
INT01046,USR0167,BIZ0039,saved_business,3.196,64,ios,2026-01-30 15:28:42
INT01047,USR0071,BIZ0097,inquiry_sent,2.335,276,android,2026-02-14 04:20:11
INT01048,USR0003,BIZ0017,view,0.838,29,android,2026-02-03 17:23:39
INT01049,USR0054,BIZ0102,profile_view,5.141,136,android,2026-03-07 22:47:56
INT01050,USR0045,BIZ0110,saved_business,0.59,38,ios,2026-04-18 08:02:58
INT01051,USR0029,BIZ0099,view,0.351,17,ios,2026-04-21 00:38:27
INT01052,USR0068,BIZ0086,view,4.998,5,ios,2026-02-01 07:09:48
INT01053,USR0037,BIZ0108,view,2.594,24,android,2026-02-12 10:53:42
INT01054,USR0004,BIZ0046,view,4.426,7,android,2026-04-26 09:42:00
INT01055,USR0119,BIZ0117,inquiry_sent,4.91,94,android,2026-02-26 05:55:59
INT01056,USR0121,BIZ0107,view,4.603,22,ios,2026-04-25 08:09:28
INT01057,USR0172,BIZ0097,search_click,0.364,46,android,2026-02-09 13:02:29
INT01058,USR0132,BIZ0017,review_posted,4.564,81,android,2026-04-03 18:32:29
INT01059,USR0073,BIZ0105,view,5.405,10,ios,2026-02-27 19:04:26
INT01060,USR0119,BIZ0092,search_click,1.032,27,android,2026-02-27 17:36:05
INT01061,USR0096,BIZ0090,search_click,5.243,12,ios,2026-03-27 02:06:13
INT01062,USR0051,BIZ0116,view,0.548,30,android,2026-02-12 18:54:51
INT01063,USR0083,BIZ0002,search_click,4.777,22,ios,2026-03-10 21:47:14
INT01064,USR0055,BIZ0059,view,0.795,28,ios,2026-03-29 05:02:13
INT01065,USR0132,BIZ0109,view,0.405,13,ios,2026-04-11 20:20:15
INT01066,USR0125,BIZ0099,search_click,5.35,31,ios,2026-02-03 21:34:36
INT01067,USR0094,BIZ0056,view,4.767,8,android,2026-04-26 23:25:56
INT01068,USR0029,BIZ0016,profile_view,2.662,118,ios,2026-03-10 22:46:56
INT01069,USR0142,BIZ0117,view,0.345,21,android,2026-03-05 23:58:04
INT01070,USR0131,BIZ0029,inquiry_sent,3.781,64,android,2026-04-05 05:24:46
INT01071,USR0091,BIZ0070,profile_view,3.575,165,android,2026-04-11 05:48:14
INT01072,USR0093,BIZ0072,profile_view,0.742,72,ios,2026-02-12 12:08:31
INT01073,USR0175,BIZ0024,profile_view,4.861,68,ios,2026-04-16 11:09:36
INT01074,USR0072,BIZ0006,saved_business,4.551,64,ios,2026-04-19 15:43:49
INT01075,USR0120,BIZ0044,profile_view,0.802,49,ios,2026-04-02 23:15:32
INT01076,USR0172,BIZ0041,review_posted,4.266,77,android,2026-04-07 04:24:31
INT01077,USR0036,BIZ0021,inquiry_sent,2.529,266,android,2026-03-05 10:19:01
INT01078,USR0041,BIZ0088,search_click,4.092,32,android,2026-02-18 14:03:40
INT01079,USR0071,BIZ0020,search_click,5.047,47,android,2026-02-16 17:50:15
INT01080,USR0037,BIZ0092,profile_view,4.609,60,ios,2026-03-17 09:36:10
INT01081,USR0198,BIZ0087,search_click,2.379,29,android,2026-03-18 22:21:46
INT01082,USR0157,BIZ0059,view,4.458,28,ios,2026-04-17 23:45:03
INT01083,USR0011,BIZ0049,inquiry_sent,4.113,179,ios,2026-03-22 20:47:46
INT01084,USR0182,BIZ0095,profile_view,4.005,87,android,2026-02-06 04:33:35
INT01085,USR0188,BIZ0081,search_click,4.946,52,ios,2026-04-14 12:32:02
INT01086,USR0111,BIZ0055,profile_view,0.79,101,ios,2026-04-20 15:27:43
INT01087,USR0164,BIZ0067,search_click,0.58,32,android,2026-01-30 09:09:46
INT01088,USR0183,BIZ0099,view,0.2,23,ios,2026-03-30 02:59:59
INT01089,USR0027,BIZ0120,inquiry_sent,0.246,215,ios,2026-03-24 19:33:30
INT01090,USR0171,BIZ0049,profile_view,4.308,55,android,2026-02-08 18:59:05
INT01091,USR0196,BIZ0034,search_click,4.296,48,ios,2026-04-12 14:15:17
INT01092,USR0184,BIZ0097,view,0.067,19,android,2026-04-23 20:04:04
INT01093,USR0161,BIZ0097,search_click,0.728,23,android,2026-01-31 09:23:39
INT01094,USR0085,BIZ0013,review_posted,0.564,176,ios,2026-03-02 11:47:40
INT01095,USR0175,BIZ0046,saved_business,4.368,72,android,2026-02-27 10:11:21
INT01096,USR0179,BIZ0119,view,4.716,11,ios,2026-04-05 21:09:52
INT01097,USR0193,BIZ0046,inquiry_sent,4.789,279,android,2026-02-28 06:10:15
INT01098,USR0158,BIZ0072,inquiry_sent,5.526,141,ios,2026-02-07 08:02:47
INT01099,USR0185,BIZ0011,search_click,4.555,50,android,2026-04-07 07:25:18
INT01100,USR0052,BIZ0036,profile_view,0.378,142,ios,2026-04-07 03:32:50
INT01101,USR0044,BIZ0044,view,3.964,21,ios,2026-04-07 07:52:00
INT01102,USR0138,BIZ0026,profile_view,0.386,53,android,2026-04-03 06:26:24
INT01103,USR0170,BIZ0052,view,2.596,22,ios,2026-03-05 22:14:13
INT01104,USR0099,BIZ0014,saved_business,4.366,52,android,2026-02-27 08:43:43
INT01105,USR0058,BIZ0058,view,0.32,26,ios,2026-01-31 14:10:41
INT01106,USR0058,BIZ0099,saved_business,3.107,43,ios,2026-03-28 12:41:44
INT01107,USR0056,BIZ0021,view,0.302,24,ios,2026-04-14 15:10:21
INT01108,USR0107,BIZ0075,saved_business,4.67,38,ios,2026-03-26 16:06:48
INT01109,USR0100,BIZ0097,profile_view,0.504,97,ios,2026-03-03 12:56:09
INT01110,USR0061,BIZ0044,search_click,0.178,18,ios,2026-04-16 14:43:22
INT01111,USR0180,BIZ0034,search_click,4.109,60,ios,2026-03-18 09:37:11
INT01112,USR0027,BIZ0099,profile_view,0.442,171,android,2026-03-12 02:15:39
INT01113,USR0148,BIZ0099,search_click,2.867,47,ios,2026-02-04 00:54:11
INT01114,USR0044,BIZ0002,search_click,4.417,32,ios,2026-04-17 07:12:32
INT01115,USR0038,BIZ0007,search_click,4.325,27,ios,2026-04-24 11:31:15
INT01116,USR0187,BIZ0003,search_click,4.385,58,android,2026-04-27 23:26:55
INT01117,USR0056,BIZ0090,view,0.402,14,ios,2026-02-19 03:34:53
INT01118,USR0131,BIZ0112,view,0.302,26,ios,2026-04-16 20:44:52
INT01119,USR0157,BIZ0006,profile_view,2.511,48,android,2026-03-17 21:32:59
INT01120,USR0187,BIZ0023,view,0.736,29,android,2026-04-14 10:26:22
INT01121,USR0008,BIZ0088,search_click,3.678,15,android,2026-04-24 08:55:12
INT01122,USR0147,BIZ0096,profile_view,4.169,127,ios,2026-02-10 16:25:22
INT01123,USR0088,BIZ0027,view,2.827,18,ios,2026-03-15 04:33:18
INT01124,USR0048,BIZ0035,view,3.939,25,android,2026-02-28 19:02:16
INT01125,USR0193,BIZ0012,view,5.355,6,android,2026-03-31 15:53:46
INT01126,USR0025,BIZ0024,saved_business,4.929,15,ios,2026-03-04 20:18:36
INT01127,USR0008,BIZ0099,search_click,4.579,14,android,2026-02-15 04:21:49
INT01128,USR0159,BIZ0066,search_click,0.511,16,android,2026-03-24 04:38:02
INT01129,USR0147,BIZ0025,search_click,3.889,59,android,2026-03-15 21:04:20
INT01130,USR0114,BIZ0003,view,0.308,30,android,2026-04-11 20:48:17
INT01131,USR0080,BIZ0110,view,4.905,23,android,2026-04-20 05:44:25
INT01132,USR0128,BIZ0029,view,0.61,15,ios,2026-04-22 19:01:56
INT01133,USR0141,BIZ0099,profile_view,2.771,171,android,2026-02-28 16:03:55
INT01134,USR0094,BIZ0020,saved_business,5.077,66,android,2026-03-02 11:12:59
INT01135,USR0123,BIZ0099,review_posted,2.57,211,android,2026-04-15 12:26:04
INT01136,USR0024,BIZ0091,view,0.375,23,ios,2026-04-07 08:11:49
INT01137,USR0165,BIZ0030,view,0.143,11,ios,2026-04-24 04:48:59
INT01138,USR0110,BIZ0052,search_click,0.712,41,android,2026-02-27 03:42:49
INT01139,USR0124,BIZ0083,view,0.66,29,ios,2026-04-08 14:15:45
INT01140,USR0179,BIZ0007,inquiry_sent,0.67,82,ios,2026-04-19 12:09:44
INT01141,USR0192,BIZ0107,search_click,0.467,57,android,2026-03-18 07:18:48
INT01142,USR0013,BIZ0115,search_click,0.277,44,android,2026-04-13 08:32:02
INT01143,USR0176,BIZ0103,profile_view,0.492,75,ios,2026-03-31 12:29:25
INT01144,USR0012,BIZ0108,view,4.655,12,ios,2026-02-04 18:50:36
INT01145,USR0053,BIZ0065,search_click,0.282,12,ios,2026-02-16 18:16:00
INT01146,USR0177,BIZ0015,view,0.286,26,ios,2026-04-27 19:33:02
INT01147,USR0100,BIZ0099,search_click,2.767,12,android,2026-02-10 23:14:54
INT01148,USR0064,BIZ0086,view,0.249,26,ios,2026-02-16 15:46:30
INT01149,USR0168,BIZ0097,view,0.637,18,ios,2026-03-04 03:50:49
INT01150,USR0049,BIZ0099,search_click,2.347,50,ios,2026-02-01 23:31:44
INT01151,USR0197,BIZ0058,profile_view,2.4,59,android,2026-02-12 12:31:04
INT01152,USR0126,BIZ0008,search_click,4.561,57,ios,2026-04-25 04:43:39
INT01153,USR0184,BIZ0110,search_click,4.336,28,ios,2026-02-07 23:35:06
INT01154,USR0031,BIZ0051,inquiry_sent,4.373,82,ios,2026-02-16 06:56:41
INT01155,USR0133,BIZ0120,search_click,4.52,24,android,2026-04-14 04:43:37
INT01156,USR0048,BIZ0010,profile_view,0.301,141,ios,2026-03-09 15:33:24
INT01157,USR0037,BIZ0058,profile_view,0.765,158,android,2026-04-08 09:18:31
INT01158,USR0186,BIZ0043,search_click,5.077,31,ios,2026-04-22 04:24:58
INT01159,USR0090,BIZ0059,review_posted,4.852,157,android,2026-04-24 10:22:34
INT01160,USR0130,BIZ0007,view,4.089,26,ios,2026-01-31 11:54:40
INT01161,USR0113,BIZ0008,view,0.471,22,android,2026-02-11 02:54:26
INT01162,USR0082,BIZ0007,profile_view,0.244,166,android,2026-03-25 21:23:19
INT01163,USR0044,BIZ0097,view,0.15,8,android,2026-01-29 17:59:23
INT01164,USR0001,BIZ0076,inquiry_sent,0.48,90,android,2026-04-07 19:32:35
INT01165,USR0010,BIZ0076,view,2.711,20,ios,2026-02-23 15:22:27
INT01166,USR0158,BIZ0049,review_posted,3.993,185,ios,2026-03-01 06:45:29
INT01167,USR0163,BIZ0059,review_posted,0.231,197,ios,2026-02-18 08:44:11
INT01168,USR0074,BIZ0088,view,3.338,13,android,2026-03-03 08:17:27
INT01169,USR0006,BIZ0057,view,2.666,18,android,2026-04-28 02:13:09
INT01170,USR0033,BIZ0099,search_click,2.343,36,ios,2026-03-11 16:05:54
INT01171,USR0116,BIZ0058,search_click,0.272,30,ios,2026-02-10 04:46:12
INT01172,USR0136,BIZ0031,view,0.683,11,ios,2026-04-20 06:00:27
INT01173,USR0141,BIZ0101,profile_view,4.361,108,android,2026-03-05 13:45:15
INT01174,USR0121,BIZ0014,profile_view,4.277,135,android,2026-02-16 03:58:02
INT01175,USR0087,BIZ0074,view,0.564,21,ios,2026-02-14 10:43:23
INT01176,USR0114,BIZ0002,view,4.849,10,ios,2026-04-27 17:53:19
INT01177,USR0175,BIZ0076,view,4.163,30,android,2026-02-11 18:43:05
INT01178,USR0082,BIZ0061,inquiry_sent,0.704,298,ios,2026-02-26 16:15:57
INT01179,USR0196,BIZ0083,profile_view,0.14,54,android,2026-02-05 22:27:45
INT01180,USR0003,BIZ0109,inquiry_sent,4.096,83,ios,2026-04-23 01:25:03
INT01181,USR0092,BIZ0030,view,0.207,7,ios,2026-03-26 07:25:22
INT01182,USR0081,BIZ0078,inquiry_sent,2.954,240,android,2026-02-24 07:04:59
INT01183,USR0026,BIZ0099,view,2.785,10,ios,2026-02-08 21:04:25
INT01184,USR0159,BIZ0053,search_click,4.528,54,ios,2026-04-01 07:33:50
INT01185,USR0064,BIZ0116,profile_view,0.168,143,android,2026-04-07 05:29:49
INT01186,USR0035,BIZ0103,search_click,2.262,59,android,2026-03-22 23:22:52
INT01187,USR0093,BIZ0110,search_click,4.257,11,ios,2026-04-24 09:54:25
INT01188,USR0146,BIZ0046,view,5.0,16,android,2026-02-14 04:04:15
INT01189,USR0160,BIZ0039,search_click,0.334,60,android,2026-04-25 18:14:40
INT01190,USR0083,BIZ0038,profile_view,4.696,120,ios,2026-01-30 15:42:22
INT01191,USR0152,BIZ0054,view,0.452,11,ios,2026-04-27 14:26:27
INT01192,USR0007,BIZ0064,review_posted,0.275,121,ios,2026-02-21 21:34:02
INT01193,USR0111,BIZ0045,view,2.819,26,ios,2026-03-29 13:34:08
INT01194,USR0086,BIZ0073,view,4.202,24,android,2026-04-05 08:04:03
INT01195,USR0005,BIZ0040,view,2.672,17,android,2026-04-01 19:03:54
INT01196,USR0070,BIZ0095,view,0.725,30,ios,2026-03-06 20:47:01
INT01197,USR0088,BIZ0018,view,2.914,11,ios,2026-02-23 13:35:14
INT01198,USR0022,BIZ0108,review_posted,0.47,230,ios,2026-04-16 18:02:14
INT01199,USR0030,BIZ0002,view,0.505,12,android,2026-02-14 03:47:38
INT01200,USR0017,BIZ0021,inquiry_sent,0.511,281,android,2026-01-30 02:04:34
INT01201,USR0004,BIZ0097,view,4.219,7,android,2026-03-22 15:59:34
INT01202,USR0118,BIZ0087,view,0.222,24,android,2026-02-03 06:33:42
INT01203,USR0036,BIZ0029,profile_view,4.277,53,android,2026-01-29 13:32:21
INT01204,USR0176,BIZ0034,view,0.487,15,android,2026-03-13 01:29:51
INT01205,USR0051,BIZ0097,search_click,3.842,40,ios,2026-04-05 01:25:20
INT01206,USR0152,BIZ0102,view,0.307,5,android,2026-02-14 01:04:49
INT01207,USR0051,BIZ0036,inquiry_sent,4.386,108,android,2026-04-02 11:26:14
INT01208,USR0020,BIZ0028,inquiry_sent,2.999,118,android,2026-03-05 17:43:30
INT01209,USR0152,BIZ0038,search_click,5.049,23,ios,2026-02-20 19:17:38
INT01210,USR0089,BIZ0097,search_click,4.087,53,ios,2026-02-23 13:10:21
INT01211,USR0042,BIZ0008,view,4.882,28,android,2026-03-26 00:06:30
INT01212,USR0111,BIZ0009,profile_view,3.037,33,android,2026-02-26 20:58:55
INT01213,USR0198,BIZ0108,search_click,2.343,53,android,2026-03-21 10:43:00
INT01214,USR0187,BIZ0099,search_click,4.826,40,ios,2026-03-15 04:35:00
INT01215,USR0196,BIZ0064,search_click,4.027,24,android,2026-02-02 01:28:23
INT01216,USR0091,BIZ0053,inquiry_sent,0.467,263,ios,2026-03-11 22:40:11
INT01217,USR0119,BIZ0058,view,4.13,18,android,2026-04-17 19:42:13
INT01218,USR0082,BIZ0049,inquiry_sent,0.198,153,android,2026-03-09 07:30:21
INT01219,USR0170,BIZ0107,view,4.958,11,android,2026-01-30 16:38:36
INT01220,USR0121,BIZ0021,view,2.563,17,android,2026-02-25 12:51:00
INT01221,USR0141,BIZ0037,view,0.107,20,ios,2026-03-09 09:04:29
INT01222,USR0041,BIZ0064,profile_view,3.939,57,android,2026-04-24 23:36:54
INT01223,USR0181,BIZ0062,view,0.047,20,android,2026-03-07 16:32:54
INT01224,USR0004,BIZ0113,profile_view,0.782,109,ios,2026-03-25 06:21:22
INT01225,USR0154,BIZ0017,view,5.096,30,android,2026-03-03 11:30:29
INT01226,USR0122,BIZ0007,search_click,2.706,23,ios,2026-04-01 03:55:51
INT01227,USR0081,BIZ0087,review_posted,2.722,131,ios,2026-03-22 04:02:13
INT01228,USR0085,BIZ0095,review_posted,4.108,221,android,2026-04-02 22:44:56
INT01229,USR0157,BIZ0034,inquiry_sent,0.281,180,android,2026-02-26 10:18:57
INT01230,USR0025,BIZ0049,view,3.845,21,ios,2026-03-11 20:39:04
INT01231,USR0187,BIZ0036,search_click,4.616,60,ios,2026-04-03 06:57:46
INT01232,USR0094,BIZ0099,view,3.027,25,android,2026-02-27 16:01:31
INT01233,USR0159,BIZ0062,view,4.542,15,ios,2026-04-27 21:27:25
INT01234,USR0155,BIZ0104,view,5.079,11,android,2026-02-24 19:46:50
INT01235,USR0016,BIZ0097,view,0.607,14,android,2026-04-10 09:10:28
INT01236,USR0109,BIZ0096,inquiry_sent,0.824,112,android,2026-02-24 20:49:32
INT01237,USR0008,BIZ0088,profile_view,3.678,149,android,2026-03-10 10:04:55
INT01238,USR0098,BIZ0074,search_click,0.669,16,ios,2026-03-11 06:04:47
INT01239,USR0051,BIZ0097,search_click,3.842,18,ios,2026-04-25 06:25:49
INT01240,USR0032,BIZ0006,view,0.272,9,ios,2026-04-14 01:56:23
INT01241,USR0097,BIZ0073,profile_view,2.921,131,android,2026-02-27 14:43:15
INT01242,USR0195,BIZ0004,view,0.401,23,android,2026-04-18 17:04:59
INT01243,USR0015,BIZ0097,profile_view,2.062,47,android,2026-02-11 20:38:00
INT01244,USR0134,BIZ0023,profile_view,4.743,122,ios,2026-02-28 15:39:49
INT01245,USR0106,BIZ0046,view,0.467,6,ios,2026-03-27 23:34:14
INT01246,USR0102,BIZ0095,search_click,4.355,23,ios,2026-02-12 12:48:46
INT01247,USR0196,BIZ0108,view,4.404,25,android,2026-02-02 22:36:21
INT01248,USR0179,BIZ0034,view,0.45,12,android,2026-04-25 02:47:30
INT01249,USR0036,BIZ0066,view,2.951,26,ios,2026-01-30 22:50:05
INT01250,USR0196,BIZ0038,view,0.397,18,android,2026-02-01 19:55:23
INT01251,USR0151,BIZ0004,view,2.606,16,android,2026-03-22 13:27:43
INT01252,USR0095,BIZ0068,inquiry_sent,0.651,98,android,2026-04-21 14:04:33
INT01253,USR0191,BIZ0086,view,3.745,17,android,2026-04-14 08:27:31
INT01254,USR0194,BIZ0082,view,4.398,13,ios,2026-02-08 22:38:40
INT01255,USR0074,BIZ0058,search_click,2.902,52,ios,2026-02-16 15:09:24
INT01256,USR0029,BIZ0005,inquiry_sent,5.026,283,android,2026-02-16 05:33:01
INT01257,USR0146,BIZ0097,view,4.8,11,ios,2026-03-02 16:52:09
INT01258,USR0014,BIZ0088,view,0.77,13,android,2026-03-16 05:13:01
INT01259,USR0080,BIZ0002,inquiry_sent,5.374,112,ios,2026-04-24 10:19:11
INT01260,USR0100,BIZ0097,search_click,0.504,58,android,2026-04-22 02:12:40
INT01261,USR0123,BIZ0076,view,0.606,12,android,2026-03-25 16:36:08
INT01262,USR0001,BIZ0099,profile_view,2.728,100,android,2026-02-25 12:41:13
INT01263,USR0098,BIZ0097,saved_business,4.581,62,android,2026-03-28 08:06:36
INT01264,USR0109,BIZ0097,search_click,2.651,51,android,2026-02-24 23:46:38
INT01265,USR0009,BIZ0107,view,4.67,30,android,2026-02-09 01:08:40
INT01266,USR0163,BIZ0097,profile_view,4.145,151,android,2026-01-30 12:13:31
INT01267,USR0023,BIZ0097,search_click,4.069,54,ios,2026-02-22 12:35:12
INT01268,USR0180,BIZ0076,view,4.142,11,android,2026-03-05 23:55:35
INT01269,USR0097,BIZ0003,search_click,0.346,36,android,2026-04-26 18:43:18
INT01270,USR0148,BIZ0107,profile_view,4.509,101,ios,2026-04-03 22:00:12
INT01271,USR0052,BIZ0099,view,0.487,11,android,2026-04-01 06:56:27
INT01272,USR0001,BIZ0120,view,2.689,18,ios,2026-04-10 11:53:02
INT01273,USR0184,BIZ0099,view,2.395,24,ios,2026-03-11 06:45:30
INT01274,USR0121,BIZ0073,search_click,0.551,56,android,2026-02-27 01:58:43
INT01275,USR0164,BIZ0046,view,0.372,19,ios,2026-04-08 06:38:20
INT01276,USR0038,BIZ0099,profile_view,5.422,168,ios,2026-03-02 15:33:09
INT01277,USR0111,BIZ0010,view,0.201,16,ios,2026-03-10 18:54:10
INT01278,USR0139,BIZ0101,view,4.872,21,android,2026-03-24 02:38:03
INT01279,USR0139,BIZ0087,profile_view,0.613,176,android,2026-04-27 04:03:48
INT01280,USR0053,BIZ0099,search_click,4.795,17,android,2026-03-16 23:30:40
INT01281,USR0148,BIZ0001,review_posted,0.349,102,android,2026-03-31 18:42:19
INT01282,USR0086,BIZ0064,view,4.154,16,ios,2026-03-17 07:11:01
INT01283,USR0101,BIZ0033,search_click,0.294,58,android,2026-02-18 13:00:08
INT01284,USR0165,BIZ0059,inquiry_sent,4.754,108,android,2026-04-19 14:31:07
INT01285,USR0130,BIZ0099,search_click,5.199,54,ios,2026-02-19 23:36:08
INT01286,USR0104,BIZ0040,view,3.094,11,android,2026-01-30 16:16:39
INT01287,USR0076,BIZ0016,view,2.915,7,android,2026-02-21 00:39:34
INT01288,USR0031,BIZ0055,search_click,4.632,54,ios,2026-03-01 02:29:19
INT01289,USR0096,BIZ0031,search_click,4.705,40,android,2026-03-31 08:08:09
INT01290,USR0009,BIZ0066,search_click,0.525,40,ios,2026-04-06 23:32:42
INT01291,USR0198,BIZ0013,profile_view,0.701,119,ios,2026-04-28 17:39:40
INT01292,USR0098,BIZ0004,search_click,4.865,40,ios,2026-03-19 03:42:35
INT01293,USR0022,BIZ0034,inquiry_sent,2.655,84,ios,2026-03-04 09:43:14
INT01294,USR0087,BIZ0034,saved_business,4.484,54,ios,2026-02-17 17:00:07
INT01295,USR0106,BIZ0012,profile_view,2.693,37,ios,2026-02-04 10:29:51
INT01296,USR0047,BIZ0060,profile_view,2.441,167,android,2026-02-21 00:09:49
INT01297,USR0031,BIZ0095,search_click,0.278,28,android,2026-02-01 19:14:45
INT01298,USR0154,BIZ0045,view,2.894,7,android,2026-03-13 14:40:41
INT01299,USR0064,BIZ0001,profile_view,4.148,75,ios,2026-02-02 04:00:42
INT01300,USR0047,BIZ0034,inquiry_sent,0.269,186,android,2026-04-03 11:06:38
INT01301,USR0180,BIZ0112,view,4.052,9,android,2026-03-09 15:31:57
INT01302,USR0094,BIZ0099,search_click,3.027,54,ios,2026-03-27 08:28:46
INT01303,USR0028,BIZ0054,view,2.481,27,ios,2026-02-04 05:49:46
INT01304,USR0023,BIZ0036,review_posted,4.476,162,android,2026-04-20 19:32:00
INT01305,USR0036,BIZ0016,view,0.287,26,android,2026-03-10 08:49:22
INT01306,USR0140,BIZ0049,view,0.508,30,android,2026-03-22 14:37:21
INT01307,USR0030,BIZ0075,view,4.605,9,ios,2026-01-30 05:25:14
INT01308,USR0016,BIZ0068,view,4.707,13,android,2026-02-25 12:27:56
INT01309,USR0036,BIZ0043,view,0.286,11,android,2026-03-29 23:33:39
INT01310,USR0123,BIZ0062,view,3.951,25,android,2026-02-11 08:50:42
INT01311,USR0033,BIZ0100,view,0.793,20,android,2026-03-21 04:08:32
INT01312,USR0064,BIZ0087,search_click,4.426,24,ios,2026-03-06 19:02:52
INT01313,USR0193,BIZ0057,inquiry_sent,5.322,67,android,2026-03-30 16:01:09
INT01314,USR0096,BIZ0050,profile_view,0.472,62,ios,2026-03-25 13:25:02
INT01315,USR0131,BIZ0105,profile_view,2.87,70,android,2026-03-24 03:02:12
INT01316,USR0074,BIZ0065,view,5.168,18,android,2026-03-20 18:29:08
INT01317,USR0181,BIZ0106,view,4.24,16,ios,2026-03-05 14:41:59
INT01318,USR0119,BIZ0088,saved_business,4.354,83,ios,2026-04-21 22:59:17
INT01319,USR0121,BIZ0068,search_click,4.892,54,android,2026-03-12 10:59:27
INT01320,USR0024,BIZ0095,saved_business,4.231,23,ios,2026-03-26 20:08:40
INT01321,USR0070,BIZ0103,search_click,4.766,30,android,2026-03-21 03:50:04
INT01322,USR0090,BIZ0115,view,3.026,26,ios,2026-02-23 06:51:00
INT01323,USR0154,BIZ0056,profile_view,4.83,65,ios,2026-02-15 07:34:08
INT01324,USR0176,BIZ0048,search_click,2.57,39,android,2026-02-08 18:25:03
INT01325,USR0186,BIZ0103,profile_view,4.883,116,android,2026-04-19 01:45:09
INT01326,USR0128,BIZ0049,search_click,3.674,46,ios,2026-03-18 14:02:42
INT01327,USR0038,BIZ0035,view,0.531,17,ios,2026-01-29 12:17:57
INT01328,USR0049,BIZ0099,view,2.347,22,ios,2026-03-16 05:15:29
INT01329,USR0108,BIZ0029,view,0.385,20,android,2026-03-13 02:11:51
INT01330,USR0100,BIZ0042,view,2.469,29,android,2026-02-01 21:52:37
INT01331,USR0018,BIZ0037,search_click,0.144,60,android,2026-04-22 12:51:27
INT01332,USR0176,BIZ0055,view,0.041,6,android,2026-02-08 05:56:08
INT01333,USR0160,BIZ0097,view,2.322,12,ios,2026-04-22 17:24:06
INT01334,USR0091,BIZ0099,view,4.872,15,android,2026-02-13 16:25:18
INT01335,USR0099,BIZ0030,profile_view,0.424,53,ios,2026-04-12 01:52:16
INT01336,USR0032,BIZ0013,inquiry_sent,2.581,177,android,2026-04-19 11:42:51
INT01337,USR0057,BIZ0038,view,4.734,18,ios,2026-03-10 08:57:33
INT01338,USR0060,BIZ0013,view,0.672,19,android,2026-04-05 17:50:14
INT01339,USR0099,BIZ0099,profile_view,0.387,99,android,2026-04-18 13:56:38
INT01340,USR0126,BIZ0058,inquiry_sent,2.416,65,ios,2026-03-15 21:34:14
INT01341,USR0100,BIZ0099,profile_view,2.767,49,ios,2026-02-13 08:56:48
INT01342,USR0104,BIZ0031,view,2.868,12,ios,2026-04-20 01:54:00
INT01343,USR0098,BIZ0080,search_click,0.233,46,android,2026-03-28 07:28:23
INT01344,USR0017,BIZ0058,inquiry_sent,2.965,148,ios,2026-03-04 12:08:22
INT01345,USR0126,BIZ0058,search_click,2.416,37,ios,2026-03-01 13:25:09
INT01346,USR0069,BIZ0048,saved_business,0.582,36,android,2026-04-16 01:07:11
INT01347,USR0166,BIZ0070,search_click,0.744,12,ios,2026-03-03 00:43:03
INT01348,USR0195,BIZ0034,profile_view,0.336,171,android,2026-02-20 18:05:13
INT01349,USR0135,BIZ0110,search_click,0.446,37,ios,2026-04-17 14:37:16
INT01350,USR0048,BIZ0034,view,0.344,12,android,2026-03-26 02:28:58
INT01351,USR0147,BIZ0089,profile_view,0.402,75,ios,2026-03-19 12:47:22
INT01352,USR0109,BIZ0107,view,5.199,11,android,2026-02-04 06:47:15
INT01353,USR0026,BIZ0037,profile_view,0.337,148,ios,2026-04-04 07:22:21
INT01354,USR0040,BIZ0072,view,4.971,15,android,2026-04-08 04:33:27
INT01355,USR0132,BIZ0099,search_click,2.856,35,android,2026-02-13 05:57:54
INT01356,USR0121,BIZ0022,view,0.464,16,ios,2026-03-11 20:02:15
INT01357,USR0117,BIZ0025,view,4.017,25,android,2026-02-04 06:07:20
INT01358,USR0097,BIZ0019,view,2.902,20,ios,2026-03-19 17:55:27
INT01359,USR0186,BIZ0052,search_click,5.149,43,ios,2026-04-09 23:50:00
INT01360,USR0148,BIZ0097,profile_view,0.487,164,ios,2026-02-13 05:44:12
INT01361,USR0128,BIZ0017,view,0.78,16,ios,2026-02-08 14:48:02
INT01362,USR0106,BIZ0049,view,0.967,20,android,2026-04-06 17:54:53
INT01363,USR0056,BIZ0058,profile_view,2.371,65,ios,2026-03-05 21:22:54
INT01364,USR0037,BIZ0002,view,4.734,20,ios,2026-03-12 04:33:22
INT01365,USR0120,BIZ0049,view,4.118,6,android,2026-04-24 12:19:45
INT01366,USR0164,BIZ0109,view,0.223,19,ios,2026-04-19 01:15:46
INT01367,USR0111,BIZ0008,view,3.84,22,ios,2026-02-01 20:46:30
INT01368,USR0123,BIZ0008,view,3.894,21,android,2026-01-30 05:07:25
INT01369,USR0026,BIZ0021,profile_view,2.496,36,android,2026-03-26 23:29:57
INT01370,USR0096,BIZ0002,search_click,0.233,39,ios,2026-03-26 04:16:16
INT01371,USR0073,BIZ0048,inquiry_sent,5.381,286,ios,2026-04-07 11:35:10
INT01372,USR0111,BIZ0099,view,3.017,28,android,2026-04-29 02:18:52
INT01373,USR0040,BIZ0110,search_click,0.636,38,ios,2026-02-11 04:10:39
INT01374,USR0196,BIZ0108,view,4.404,17,android,2026-02-01 23:43:42
INT01375,USR0078,BIZ0002,view,4.317,11,ios,2026-04-11 04:06:04
INT01376,USR0039,BIZ0056,search_click,4.112,23,android,2026-04-28 09:51:34
INT01377,USR0042,BIZ0100,view,3.006,7,android,2026-03-12 08:47:04
INT01378,USR0043,BIZ0110,search_click,0.262,39,ios,2026-03-25 17:31:36
INT01379,USR0096,BIZ0099,saved_business,5.159,86,ios,2026-03-27 01:20:07
INT01380,USR0084,BIZ0071,profile_view,0.234,180,ios,2026-04-11 18:36:38
INT01381,USR0200,BIZ0107,view,4.113,20,ios,2026-02-27 18:03:15
INT01382,USR0131,BIZ0039,saved_business,2.745,21,ios,2026-04-11 08:51:28
INT01383,USR0066,BIZ0014,view,3.849,30,android,2026-04-18 11:39:14
INT01384,USR0064,BIZ0060,view,4.85,22,ios,2026-03-07 08:33:20
INT01385,USR0103,BIZ0054,view,4.947,10,ios,2026-04-24 13:59:03
INT01386,USR0170,BIZ0008,view,4.696,18,ios,2026-04-12 13:46:25
INT01387,USR0040,BIZ0054,saved_business,4.624,62,android,2026-02-25 22:32:18
INT01388,USR0125,BIZ0103,search_click,4.636,47,android,2026-03-06 16:43:43
INT01389,USR0061,BIZ0038,profile_view,0.544,70,ios,2026-03-23 15:05:09
INT01390,USR0022,BIZ0014,view,4.251,9,ios,2026-03-14 13:21:47
INT01391,USR0024,BIZ0110,profile_view,4.414,68,android,2026-01-29 09:45:03
INT01392,USR0046,BIZ0003,view,2.467,26,ios,2026-03-30 03:55:41
INT01393,USR0023,BIZ0005,inquiry_sent,0.377,69,android,2026-04-28 03:43:16
INT01394,USR0158,BIZ0001,review_posted,4.36,160,ios,2026-02-07 21:31:31
INT01395,USR0152,BIZ0038,inquiry_sent,5.049,216,ios,2026-02-10 16:39:10
INT01396,USR0119,BIZ0082,view,4.42,27,android,2026-03-14 21:29:59
INT01397,USR0058,BIZ0094,view,0.913,26,android,2026-04-01 18:14:43
INT01398,USR0116,BIZ0047,search_click,4.468,55,ios,2026-03-07 20:03:24
INT01399,USR0061,BIZ0099,inquiry_sent,4.78,113,android,2026-03-11 17:37:18
INT01400,USR0181,BIZ0022,view,4.362,8,android,2026-02-07 21:49:09
INT01401,USR0115,BIZ0017,profile_view,0.84,115,ios,2026-03-22 08:27:58
INT01402,USR0184,BIZ0062,search_click,4.235,52,ios,2026-04-23 14:06:16
INT01403,USR0054,BIZ0107,profile_view,0.327,130,android,2026-03-01 06:37:38
INT01404,USR0013,BIZ0003,inquiry_sent,3.023,107,ios,2026-03-11 22:24:39
INT01405,USR0102,BIZ0099,inquiry_sent,2.53,268,ios,2026-04-06 07:02:59
INT01406,USR0182,BIZ0055,view,0.59,23,android,2026-01-29 21:18:36
INT01407,USR0043,BIZ0113,search_click,0.644,31,android,2026-02-02 00:01:02
INT01408,USR0036,BIZ0034,profile_view,0.275,81,android,2026-03-07 19:50:31
INT01409,USR0198,BIZ0002,search_click,4.206,49,ios,2026-02-28 13:33:02
INT01410,USR0027,BIZ0063,inquiry_sent,0.275,114,android,2026-02-28 03:28:52
INT01411,USR0169,BIZ0100,profile_view,3.036,130,android,2026-03-09 08:42:27
INT01412,USR0188,BIZ0099,search_click,5.157,45,ios,2026-03-18 17:02:01
INT01413,USR0194,BIZ0059,view,0.399,23,android,2026-03-12 22:12:01
INT01414,USR0107,BIZ0110,review_posted,0.41,119,ios,2026-04-14 08:24:54
INT01415,USR0058,BIZ0058,view,0.32,6,android,2026-03-30 09:03:21
INT01416,USR0149,BIZ0035,view,3.901,6,android,2026-04-24 21:34:51
INT01417,USR0116,BIZ0034,view,0.269,7,ios,2026-03-18 09:23:56
INT01418,USR0140,BIZ0110,view,4.194,28,ios,2026-04-08 10:04:05
INT01419,USR0170,BIZ0006,saved_business,0.548,85,ios,2026-04-09 09:20:23
INT01420,USR0061,BIZ0110,search_click,0.403,21,android,2026-01-30 11:56:20
INT01421,USR0110,BIZ0009,profile_view,2.825,35,android,2026-02-09 21:46:39
INT01422,USR0192,BIZ0097,view,4.686,13,ios,2026-02-12 18:51:47
INT01423,USR0110,BIZ0030,view,2.951,14,ios,2026-04-29 00:40:27
INT01424,USR0178,BIZ0073,view,0.448,8,android,2026-04-25 00:59:13
INT01425,USR0017,BIZ0099,profile_view,0.17,75,android,2026-04-08 01:25:37
INT01426,USR0087,BIZ0016,profile_view,5.023,149,android,2026-03-13 12:43:29
INT01427,USR0158,BIZ0038,view,0.646,16,android,2026-03-05 03:03:52
INT01428,USR0049,BIZ0073,view,0.584,24,android,2026-04-28 12:13:40
INT01429,USR0042,BIZ0021,view,0.231,22,android,2026-03-13 07:12:48
INT01430,USR0194,BIZ0087,view,4.49,30,ios,2026-02-07 12:57:08
INT01431,USR0132,BIZ0099,search_click,2.856,49,ios,2026-04-08 19:55:23
INT01432,USR0192,BIZ0095,saved_business,0.56,78,ios,2026-03-05 01:45:27
INT01433,USR0165,BIZ0048,inquiry_sent,0.439,108,android,2026-03-21 14:28:16
INT01434,USR0005,BIZ0118,review_posted,2.269,166,android,2026-04-26 11:32:35
INT01435,USR0119,BIZ0010,inquiry_sent,4.347,203,android,2026-03-23 13:52:30
INT01436,USR0122,BIZ0065,saved_business,4.978,58,android,2026-03-26 11:07:37
INT01437,USR0009,BIZ0099,profile_view,0.478,167,ios,2026-02-24 15:05:50
INT01438,USR0028,BIZ0007,view,0.492,9,ios,2026-04-12 15:08:24
INT01439,USR0040,BIZ0038,inquiry_sent,0.761,195,ios,2026-02-04 23:29:00
INT01440,USR0079,BIZ0097,search_click,2.323,28,ios,2026-02-14 20:21:31
INT01441,USR0024,BIZ0103,review_posted,0.098,85,ios,2026-02-08 10:07:50
INT01442,USR0068,BIZ0099,view,0.036,23,android,2026-03-22 14:51:19
INT01443,USR0021,BIZ0034,view,4.179,22,android,2026-04-12 06:14:56
INT01444,USR0141,BIZ0110,inquiry_sent,4.428,292,ios,2026-02-07 06:11:00
INT01445,USR0104,BIZ0097,view,2.475,18,android,2026-03-29 10:18:03
INT01446,USR0069,BIZ0097,view,2.297,23,android,2026-02-07 19:59:32
INT01447,USR0123,BIZ0005,inquiry_sent,4.086,87,ios,2026-02-12 12:15:55
INT01448,USR0144,BIZ0107,view,0.513,10,android,2026-03-26 23:51:15
INT01449,USR0005,BIZ0061,profile_view,2.879,160,android,2026-04-28 06:52:46
INT01450,USR0002,BIZ0092,inquiry_sent,3.8,246,android,2026-03-14 13:22:20
INT01451,USR0061,BIZ0007,view,3.645,11,ios,2026-03-01 04:51:39
INT01452,USR0104,BIZ0115,search_click,3.015,27,android,2026-03-25 16:38:01
INT01453,USR0032,BIZ0097,view,2.045,5,android,2026-03-06 17:13:10
INT01454,USR0049,BIZ0097,profile_view,0.124,178,android,2026-04-26 06:20:20
INT01455,USR0064,BIZ0018,view,4.957,28,android,2026-04-05 00:44:51
INT01456,USR0176,BIZ0051,saved_business,2.813,29,android,2026-03-28 21:14:41
INT01457,USR0184,BIZ0015,profile_view,2.16,117,android,2026-03-10 10:55:24
INT01458,USR0038,BIZ0097,profile_view,4.801,113,ios,2026-03-04 07:17:15
INT01459,USR0133,BIZ0092,search_click,0.355,50,android,2026-02-16 19:53:25
INT01460,USR0091,BIZ0028,profile_view,3.974,92,ios,2026-03-14 05:17:44
INT01461,USR0071,BIZ0058,view,2.639,10,android,2026-04-09 13:03:05
INT01462,USR0016,BIZ0097,search_click,0.607,17,ios,2026-02-10 21:08:59
INT01463,USR0072,BIZ0025,profile_view,4.219,165,android,2026-03-23 00:02:55
INT01464,USR0090,BIZ0040,view,2.969,13,ios,2026-04-25 22:25:12
INT01465,USR0070,BIZ0023,view,0.581,5,android,2026-03-28 06:55:06
INT01466,USR0099,BIZ0033,review_posted,0.177,97,android,2026-02-22 07:25:19
INT01467,USR0095,BIZ0070,profile_view,4.061,162,ios,2026-04-06 09:28:21
INT01468,USR0006,BIZ0007,saved_business,0.798,51,ios,2026-04-12 02:12:58
INT01469,USR0194,BIZ0113,review_posted,0.511,207,android,2026-03-26 16:41:03
INT01470,USR0136,BIZ0001,saved_business,0.354,85,ios,2026-03-21 08:01:00
INT01471,USR0001,BIZ0062,view,4.461,28,ios,2026-02-20 19:45:52
INT01472,USR0070,BIZ0078,profile_view,5.24,174,ios,2026-02-06 20:47:47
INT01473,USR0121,BIZ0086,inquiry_sent,4.48,279,ios,2026-03-02 08:06:16
INT01474,USR0195,BIZ0034,view,0.336,22,android,2026-04-01 07:03:27
INT01475,USR0027,BIZ0076,view,2.955,6,android,2026-03-12 06:08:29
INT01476,USR0137,BIZ0120,view,2.509,22,ios,2026-04-03 21:03:11
INT01477,USR0057,BIZ0097,view,1.942,13,android,2026-04-21 20:33:42
INT01478,USR0105,BIZ0016,view,0.779,19,android,2026-02-06 15:09:56
INT01479,USR0061,BIZ0083,view,0.345,24,android,2026-02-02 04:39:02
INT01480,USR0177,BIZ0037,view,2.474,28,android,2026-04-22 13:53:43
INT01481,USR0126,BIZ0099,view,0.379,15,android,2026-02-06 04:51:23
INT01482,USR0150,BIZ0034,search_click,2.892,54,ios,2026-04-23 08:05:48
INT01483,USR0193,BIZ0058,profile_view,4.207,54,android,2026-03-30 06:36:26
INT01484,USR0050,BIZ0024,view,0.438,28,android,2026-02-15 20:17:29
INT01485,USR0054,BIZ0029,view,0.503,19,android,2026-03-25 21:31:05
INT01486,USR0009,BIZ0015,review_posted,0.341,220,ios,2026-04-14 08:17:40
INT01487,USR0111,BIZ0021,view,2.74,20,ios,2026-01-29 21:42:27
INT01488,USR0096,BIZ0004,view,4.715,18,android,2026-02-05 20:28:09
INT01489,USR0041,BIZ0032,view,0.261,12,android,2026-02-22 04:06:18
INT01490,USR0134,BIZ0097,inquiry_sent,0.406,290,ios,2026-04-18 23:50:27
INT01491,USR0041,BIZ0099,search_click,4.915,23,ios,2026-03-08 10:59:48
INT01492,USR0157,BIZ0099,search_click,2.978,48,android,2026-04-22 13:51:45
INT01493,USR0198,BIZ0099,view,2.838,29,ios,2026-04-22 16:05:49
INT01494,USR0149,BIZ0015,profile_view,2.722,88,android,2026-03-20 14:58:56
INT01495,USR0102,BIZ0108,search_click,2.066,18,android,2026-03-16 20:01:26
INT01496,USR0138,BIZ0103,profile_view,4.293,42,android,2026-02-19 22:52:15
INT01497,USR0142,BIZ0010,search_click,2.58,26,ios,2026-03-19 14:52:56
INT01498,USR0046,BIZ0005,search_click,4.538,18,android,2026-04-02 02:35:51
INT01499,USR0023,BIZ0070,profile_view,3.661,169,android,2026-04-05 14:45:47
INT01500,USR0083,BIZ0059,profile_view,4.18,116,android,2026-02-01 04:45:05
